store_record_id,retailer_id,retailer_nm,store_id,store_address_1,store_address_2,store_city,store_state,store_zip_code,store_county,vpid,retailer_nm_modified
26307,2,Speedway,5399,5830 Franklin Street,,Michigan City,IN,46360-7843,La Porte,2748901,peeday
23983,19,Kum & Go - Non IRI,551,2149 S Campbell Ave,,Springfield,MO,65807,GREENE,3006193,Kum & Go - Non IRI
26273,2,Speedway,5241,711 South Main Street,,Englewood,OH,45322-1541,Montgomery,2648336,USpeda1y
22677,30,Jacksons,3611,12001 NE 8TH ST,,Bellevue,WA,98005,King,1444242,JacHAson
26010,2,Speedway,4334,1688 East Mason Street,,Green Bay,WI,54302-2738,Brown,2764044,Speed5wQay
27419,2,Speedway,8613,1816 South Memorial Drive,,New Castle,IN,47362-1216,Henry,2914634,Speedway
22643,30,Jacksons,1545,927 Caldwell BLVD,,Nampa,ID,83651,Canyon,2489253,Jacksons
25519,2,Speedway,1264,2510 South Reynolds Road,,Toledo,OH,43614-1415,Lucas,2601603,2SeeDday
27848,2,Speedway,9609,4511 Pleasant Avenue,,Fairfield,OH,45014-1026,Butler,2646422,Speedway
23902,19,Kum & Go - Non IRI,405,2710 Moberly Ln,,Bentonville,AR,72712,BENTON,3201531,Km  Go E-NoM1n RII
24319,28,Petro Mart,40,105 Hwy At,,Villa Ridge,MO,63089,Saint Louis,2505444,PetVroA Mt
16033,24,Maverik,610,863 E Winnemucca Blvd,,Winnemucca,NV,89445,Humboldt,2909623,MXaverk
26881,2,Speedway,7422,7859 South Harlem Avenue,,Burbank,IL,60459-1085,Cook,59193,SSQpeway
25397,2,Speedway,2925,301 Mcclellandtown Road,,Uniontown,PA,15401-5046,Fayette,4051253,Se6ewaDy
26361,2,Speedway,6027,6100 West Smith Valley Road,,Greenwood,IN,46142-9462,Johnson,3138837,GSpQeewy
26265,2,Speedway,5215,213 North Urbana Street,,South Vienna,OH,45369-8854,Clark,3241184,ASpePewa
26270,2,Speedway,5236,2995 Saint Johns Road,,Lima,OH,45804-4012,Allen,2649837,Speday
24034,19,Kum & Go - Non IRI,706,901 W. Jackson St.,,Ozark,MO,65721,LAWRENCE,4019827,Ku8mD & Go -R NonPM IRHI
15882,24,Maverik,428,1601 East Lincoln Ave,,Sunnyside,WA,98944,Yakima,3265448,aveTrik
22659,30,Jacksons,2,505 S. Capitol Blvd.,,Boise,ID,83702,Ada,2487399,JBack5on
23996,19,Kum & Go - Non IRI,572,4860 NW Urbandale Dr,,Urbandale,IA,50322,POLK,3232899,Ku & o -No I
23955,19,Kum & Go - Non IRI,4951,105 6th St,,Glenwood Springs,CO,81601,GARFIELD,2450417,Kum & Go - Non IRI
24201,19,Kum & Go - Non IRI,143,1303 South Pine St.,,Cabot,AR,72023,LONOKE,3375307,mY & HNGo-F Nn IRI
24844,38,Hucks,151,319 E. CALUMET,,CENTRALIA,IL,62801,,2383833,Hucks
24055,19,Kum & Go - Non IRI,847,13704 E 106th St N,,Owasso,OK,74055,TULSA,4212361,Ku&G -on IRI
27422,2,Speedway,8641,4280 West 150Th Street,,Cleveland,OH,44135-1306,Cuyahoga,2643748,Speeda
24348,28,Petro Mart,28,1 Vance Road,,Valley Park,MO,63088,Saint Louis,4094042,Petro Mart
15899,24,Maverik,451,6135 West Russell Road,,Las Vegas,NV,89118,Clark,4220117,B8Maverik
15840,24,Maverik,376,5031 West Hwy 68,,Golden Valley,AZ,86413,Mohave,103685,Mverk
25867,2,Speedway,3697,630 Columbia Road,,Bay Village,OH,44140-2672,Cuyahoga,2643903,Speedway
24258,19,Kum & Go - Non IRI,813,207 E Rosser Ave,,Bismarck,ND,58501,BURLEIGH,2760193,Kum 6C&O Go30 - NoDn IRI
22684,30,Jacksons,4,101 E. Idaho Ave.,,Homedale,ID,83628,Owyhee,2497598,6Kcksons
25507,2,Speedway,1218,4320 Roosevelt Boulevard,,Middletown,OH,45044-6625,Butler,2646645,Speedway
15800,24,Maverik,323,2680 S. 2000 E.,,Salt Lake City,UT,84109,Salt Lake,2683319,Mverk
27875,2,Speedway,9645,7400 3Rd Street Road,,Louisville,KY,40214-4362,Jefferson,2495633,Speedway
22816,30,Jacksons,96,9804 W. Fairview Ave.,,Boise,ID,83704,Ada,2496340,JQ2acsns
23866,19,Kum & Go - Non IRI,319,18465 W. Colfax Avenue,,Golden,CO,80401,JEFFERSON,4107973,KETuUm C&3 Go - NonH IRI
26232,2,Speedway,5073,319 North Main Street,,New Carlisle,OH,45344-1840,Clark,3241181,SedZwa7y
25875,2,Speedway,3766,7940 Brookville Road,,Indianapolis,IN,46239-1084,Marion,3303678,Speedway
15816,24,Maverik,347,2100 E. Center St.,,Pocatello,ID,83201,Bannock,2870634,Maverik
34370,39,Dollar General,11503,3839 BARBOURVILLE RD,,LONDON,KY,40744-9309,LAUREL,3322240,Dol eneral
22714,30,Jacksons,526,2450 SE 122nd Ave.,,Portland,OR,97233,Multnomah,193981,Jacksons
34360,39,Dollar General,11495,504 165TH ST,,HAMMOND,IN,46324-1309,LAKE,3319055,DoSllr Gn38erl
25448,2,Speedway,1016,13555 East 14 Mile Rd,,Sterling Heights,MI,48312-6305,Macomb,3601699,peedwy
24042,19,Kum & Go - Non IRI,80,1178 Enterprise Dr,,Riverside,IA,52327,WASHINGTON,3170949,BK& Go -G oMn IRXI
25941,2,Speedway,4132,4902 Verona Road,,Madison,WI,53711-4415,Dane,2716094,Sed5wa3y
16014,24,Maverik,588,5075 W. Herriman Blvd,,Herriman,UT,84096,Salt Lake,4160211,MaveiEk
25500,2,Speedway,1204,6399 Refugee Road,,Canal Winchester,OH,43110-8225,Franklin,2637892,Sp2Aeedway
27423,2,Speedway,8646,3208 Scottsville Road,,Bowling Green,KY,42104-6311,Warren,2493269,CSpeedwa9y
24897,38,Hucks,339,601 NORTH MAIN STREET,,HUNTINGBURG,IN,47542,,3258761,ucks
34418,39,Dollar General,11549,23512 COUNTY ROAD 47,,PERDIDO,AL,36562-5005,BALDWIN,3164283,DollrGnerl
27820,2,Speedway,9575,12006 Montgomery Road,,Cincinnati,OH,45249-2041,Hamilton,2648207,SOpPeedway
27338,2,Speedway,8264,1122 East Raleigh Blvd.,,Rocky Mount,NC,27801-5898,Edgecombe,3933198,Speedy
27818,2,Speedway,9573,9251 Colerain Avenue,,Cincinnati,OH,45251-2405,Hamilton,2648235,SeAeTday
25486,2,Speedway,1183,51 West Main Street,,Amelia,OH,45102-1941,Clermont,2646830,Seedwa
24900,38,Hucks,351,1530 WEST MAIN,,SALEM,IL,62881,,2383843,HXucs
34380,39,Dollar General,11512,313 W 1ST ST,,NEW LONDON,MO,63459-1218,RALLS,3318519,Dlla neral
23901,19,Kum & Go - Non IRI,403,2400 W Hudson Rd,,Rogers,AR,72756,BENTON,3201529,Kum & Go - Non IRI
23947,19,Kum & Go - Non IRI,488,1704 W Norton Rd,,Springfield,MO,65803,GREENE,2983807,u5m & O - No 8JIRI
15919,24,Maverik,477,11795 Veterans Parkway,,Reno,NV,89521,Washoe,3551591,Maverik
26844,2,Speedway,7173,108 Battalion Blvd,,Murfreesboro,TN,37128-4361,Rutherford,3962456,Speedw
34399,39,Dollar General,11530,505 SOUTH POPLAR STREET,,STRATFORD,TX,79084,SHERMAN,3263154,Dllarenral
23976,19,Kum & Go - Non IRI,535,4960 E Broadway Avenue,,Des Moines,IA,50317,POLK,3721995,Kum & Go - Non IRI
15722,24,Maverik,198,7333 Ustick Rd,,Boise,ID,83704,Ada,2741761,averiEk
25473,2,Speedway,1157,1625 South Dayton Lakeview Road,,New Carlisle,OH,45344-2304,Clark,2603025,Sp6eNedway
25980,2,Speedway,4215,4104 Radio Drive,,Woodbury,MN,55129-3229,Washington,4185001,Speedway
22681,30,Jacksons,3727,11520 AVONDALE RD NE,,Redmond,WA,98052,King,1444237,K8Jacksons
27385,2,Speedway,8396,1004 E Caro Rd,,Caro,MI,48723-1240,Tuscola,3180557,SpeeRa6y
27809,2,Speedway,9558,2500 Flemingsburg Rd,,Morehead,KY,40351-8317,Rowan,3579005,Speedway
34431,39,Dollar General,11561,10 N 11TH ST,,BEAUMONT,TX,77702-2211,JEFFERSON,3262525,Dollar GeneL4rRa8l
27823,2,Speedway,9578,1559 Main Street,,Paris,KY,40361-1203,Bourbon,2490858,Speedway
34391,39,Dollar General,11523,503 N MAIN ST,,HACKETT,AR,72937-2613,SEBASTIAN,3319051,8Dllar enrAa2l
23913,19,Kum & Go - Non IRI,417,500 S Thompson ST,,Springdale,AR,72764,WASHINGTON,3629208,Kum& Go o II
26006,2,Speedway,4317,3155 Century Ave,,White Bear Lake,MN,55110-5648,Ramsey,3340139,Spedwa
24000,19,Kum & Go - Non IRI,59,400 Prairie Bluff Dr,,Waukee,IA,50263,DALLAS,3902231,7KuB&Go -H NBon II
27793,2,Speedway,9515,2720 Taylorsville Road,,Louisville,KY,40205-2338,Jefferson,2492736,pAedwaVy
26328,2,Speedway,5495,28410 Gratiot Avenue,,Roseville,MI,48066-4236,Macomb,3309643,Seeway
34318,39,Dollar General,11455,2704 FRAYSER BLVD,,MEMPHIS,TN,38127-4833,SHELBY,3321770,Dollar GeBne8rWNal
27795,2,Speedway,9522,102 East Madison Street,,Louisa,KY,41230-1325,Lawrence,3309565,peeday
15873,24,Maverik,418,2948 F Road,,Grand Junction,CO,81504,Mesa,3237010,Mavrk
24924,38,Hucks,394,104 NEW BOND WAY,,Bowling Green,KY,42101,,3993692,Hucks
26275,2,Speedway,5249,818 North Market Street,,Troy,OH,45373-1424,Miami,2648559,SpXeedwaDy
34423,39,Dollar General,11553,5690 W 70TH ST,,SHREVEPORT,LA,71129-2626,CADDO,3322702,Dollar General
24033,19,Kum & Go - Non IRI,702,5002 S. Main St.,,Joplin,MO,64804,JASPER,4212362,Kum&Go on II
23415,32,Ridleys,8442,430 E Main St,,Middleton,ID,83644,Canyon,2741729,RidRleyIs
24114,19,Kum & Go - Non IRI,963,1209 Beech St,,Kemmerer,WY,83101,LINCOLN,2760318,7VKu89m & GTo - Non I7RI
22815,30,Jacksons,95,9545 W. Chinden Blvd.,,Garden City,ID,83714,Ada,2496280,Jacksons
34434,39,Dollar General,11564,721 E JEFFERSON AVE,,RICHLAND,MO,65556-8202,PULASKI,3319634,lCGar Gener1al
26866,2,Speedway,7391,10789 Market Street,,North Lima,OH,44452,Mahoning,4076796,Spdway
25858,2,Speedway,3683,1500 Reynolds Road,,Maumee,OH,43537-1602,Lucas,2601163,SEpeQedway
26888,2,Speedway,7464,9273 Belleville Rd,,Belleville,MI,48111,Wayne,4198226,Speway
15994,24,Maverik,562,650 Whipple Street,,Prescott,AZ,86301,Yavapai,4004534,Mveri
26824,2,Speedway,7142,1975 Murfreesboro Pike,,Nashville,TN,37217-3204,Davidson,3688639,p5eedwXa
16006,24,Maverik,575,105 South State Street,,Rigby,ID,83442,Jefferson,4073361,Maverik
25894,2,Speedway,3991,3201 Grant Street,,Gary,IN,46408-1005,Lake,4051156,Speedway
26177,2,Speedway,4666,1569 George Washington Memorial Hwy,,Gloucester Point,VA,23062-2523,Gloucester,3944942,Seeway
26086,2,Speedway,4540,15555 West Beloit Road,,New Berlin,WI,53151-7451,Waukesha,3002882,SWpeIedway
24371,29,Midwest Petroleum,1042,1044 Kingshighway,,Rolla,MO,65401,,4003849,Mdwest Ptreu
25463,2,Speedway,1083,6537 Glenway Avenue,,Cincinnati,OH,45211-4409,Hamilton,2647329,Spedwy
26142,2,Speedway,4626,3980 S. Main Street,,Blacksburg,VA,24060-7706,Montgomery,3944907,Seeway
26143,2,Speedway,4627,2211 S. Main Street,,Blacksburg,VA,24060-6688,Montgomery,3944908,PSpeedwaIy
24093,19,Kum & Go - Non IRI,914,7027 20th St,,Greeley,CO,80634,WELD,3003391,Km TJ&4  -NUon IRI
34383,39,Dollar General,11516,27 COMMERCE LN,,KING WILLIAM,VA,23086-3662,KING WILLIAM,3317180,Dollar General
27390,2,Speedway,8403,1177 South State Road,,Davison,MI,48423-1905,Genesee,2526175,Speedy
26060,2,Speedway,4487,7881 East Main Street,,Reynoldsburg,OH,43068-1233,Franklin,2748565,eedway
26255,2,Speedway,5179,1176 South 10Th Street,,Noblesville,IN,46060-3506,Hamilton,3138827,Speedway
26070,2,Speedway,4513,6209 Washington Avenue,,Racine,WI,53406-3915,Racine,2718373,VpBeedwy
22587,30,Jacksons,10,2728 S. Orchard St.,,Boise,ID,83705,Ada,2492748,ak2soMns
34338,39,Dollar General,11475,704 N LOCUST ST,,SWEET SPRINGS,MO,65351-0040,SALINE,3319549,lar Genera
23880,19,Kum & Go - Non IRI,367,18908 Q Street,,Omaha,NE,68135,SARPY,2777395,KMumW &T Go 3Q- Non IRRI
23035,30,Jacksons,53,6010 W. State St.,,Boise,ID,83703,Ada,2495107,Jksons
27406,2,Speedway,8536,28451 Ford Road,,Garden City,MI,48135-2843,Wayne,3309676,SWpeAedway
16022,24,Maverik,598,5100 E 2500 N,,Eden,UT,84310,Weber,3098455,Maverik
25912,2,Speedway,4043,22251 Euclid Avenue,,Euclid,OH,44117-1616,Cuyahoga,3241182,SpeedwaFYy
25501,2,Speedway,1205,3006 Noe Bixby Road,,Columbus,OH,43232-5852,Franklin,2639556,Speedway
22781,30,Jacksons,7,3110 W. State St.,,Boise,ID,83703,Ada,2493165,JaksUXns
34406,39,Dollar General,11537,14765 COUNTRY ROAD 222,,CRANE HILL,AL,35053-3213,CULLMAN,3323466,Dollar General
24349,29,Midwest Petroleum,1005,3910 Jeffco Blvd,,Arnold,MO,63010,,2537827,MGidwestBetrNouIm
24098,19,Kum & Go - Non IRI,922,120 E 26th St,,Rifle,CO,81650,GARFIELD,2450444,Kum & Go - Non IRI
22818,30,Jacksons,98,1950 E. Fairview Ave.,,Meridian,ID,83642,Ada,2491648,JacZks6ons
26068,2,Speedway,4507,110 Hundertmark Rd,,Chaska,MN,55318-1110,Carver,4181604,Speedway
15943,24,Maverik,504,4306 W. Clearwater Ave.,,Kennewick,WA,99336,Benton,4201912,MLavOerik
34401,39,Dollar General,11532,1126 N MAIN ST,,MONMOUTH,IL,61462-1209,WARREN,3320406,4DMollar 6GenerQal
22668,30,Jacksons,3,128 5th St.,,Wilder,ID,83676,Canyon,2497597,Jacks0oHns
24322,28,Petro Mart,43,500 N College Avenue,,Columbia,MO,65201,Boone,2517946,SPet3rGo Mart
26272,2,Speedway,5238,955 Galloway Road,,Galloway,OH,43119-8151,Franklin,3298993,Speedway
34425,39,Dollar General,11556,1701 W WACO DR,,WACO,TX,76707-3578,MCLENNAN,3262768,lla Gneral
25453,2,Speedway,1028,360 South State Street,,Westerville,OH,43081-2252,Franklin,3240525,Spe9Vedway
25505,2,Speedway,1216,6175 East Livingston Avenue,,Columbus,OH,43232-2947,Franklin,2639522,Speeay
26276,2,Speedway,5252,3555 North Bend Road,,Hebron,KY,41048-8525,Boone,3143879,Speedway
26234,2,Speedway,5075,716 Main Street,,Milford,OH,45150-1694,Clermont,2646983,3SpeedwaEy
22593,30,Jacksons,11,1585 S. Meridian Rd.,,Meridian,ID,83642,Ada,2490877,Jacksons
23964,19,Kum & Go - Non IRI,509,1203 Blairs Ferry Road,,Marion,IA,52302,LINN,3334652,Kum & Go - Non IRI
16029,24,Maverik,605,2495 N Main St.,,Logan,UT,84341,Cache,4184567,3MaveriSk
27834,2,Speedway,9593,2900 Richmond Road,,Lexington,KY,40509-1713,Fayette,2492926,Speedway
27370,2,Speedway,8306,811 West 37Th Avenue,,Hobart,IN,46342-2009,Lake,2769802,STpVedwa
27407,2,Speedway,8537,1402 South 11Th Street,,Niles,MI,49120-4202,Berrien,2914695,Speedway
24090,19,Kum & Go - Non IRI,910,366 71st Ave,,Greeley,CO,80634,WELD,2886618,Kum & Go - Non IRI
22750,30,Jacksons,615,22802 Bothell Everett Hwy,,Bothell,WA,98021,Snohomish,3146176,JaGIckon
27775,2,Speedway,9451,2400 Terra Crossing Blvd,,Louisville,KY,40245-4949,Jefferson,3748609,Sp5eQday
23889,19,Kum & Go - Non IRI,380,2112 Dodson Ave,,Fort Smith,AR,72901,SEBASTIAN,2760356,Kum & Go - Non IRI
25497,2,Speedway,1201,738 North Detroit Street,,Xenia,OH,45385-1961,Greene,2648614,Xp0edway
34296,39,Dollar General,11433,5150 DUNCAN RD,,PUNTA GORDA,FL,33982-1726,CHARLOTTE,3257646,DYolaQr GeRnra
27856,2,Speedway,9620,151 South Mayo Trail,,Pikeville,KY,41501-1516,Pike,2484577,Seeday
24051,19,Kum & Go - Non IRI,841,1035 E Will Rogers Blvd,,Claremore,OK,74017,ROGERS,2760299,KuL GX&Go Z Non RI
27887,2,Speedway,9659,5030 Batavia Road,,Cincinnati,OH,45244-3843,Hamilton,2648082,Speedway
27833,2,Speedway,9591,2301 Versailles Road,,Lexington,KY,40504-1605,Fayette,2492196,SpNPeedway
27827,2,Speedway,9582,2713 Williams Avenue,,Cincinnati,OH,45209-1951,Hamilton,2647310,Sp3eeMdway
34397,39,Dollar General,11529,66780 MORRISTOWN RD,,BELMONT,OH,43718-9007,BELMONT,3323748,Dollar General
25488,2,Speedway,1190,1301 North Barron Street,,Eaton,OH,45320-1015,Preble,2648319,Speedway
26360,2,Speedway,6023,1608 East Main Street,,Plainfield,IN,46168-1848,Hendricks,2914653,Speedway
24041,19,Kum & Go - Non IRI,8,1293 8th Street,,West Des Moines,IA,50265,POLK,2490195,Kum & Go - Non IRI
15912,24,Maverik,468,3505 N. Road 68,,Pasco,WA,99301,Franklin,3512042,Maverik
27898,2,Speedway,9677,1401 Leestown Road,,Lexington,KY,40511-2041,Fayette,2490446,SpMewaPy
16007,24,Maverik,576,2175 South Redwood Road,,West Valley City,UT,84119,Salt Lake,4046413,averEik
26251,2,Speedway,5161,6205 Illinois Road,,Fort Wayne,IN,46804-5667,Allen,2914646,SeWdwaHy
25860,2,Speedway,3685,7745 Reynolds Road,,Mentor,OH,44060-5320,Lake,2641759,SpedaMAy
23899,19,Kum & Go - Non IRI,402,816 W Monroe Ave,,Lowell,AR,72745,BENTON,3201528,  Go - NoIRI
24036,19,Kum & Go - Non IRI,74,141 South Jordan Creek Parkway,,West Des Moines,IA,50266,POLK,2484918,KDu&F G3o- Non HRI
34441,39,Dollar General,11570,4546 MILLBRANCH RD,,MEMPHIS,TN,38116-7438,SHELBY,3322433,DolrGenral
25485,2,Speedway,1182,1802 North Clinton Street,,Defiance,OH,43512-8557,Defiance,2640071,KSpedDay
15865,24,Maverik,410,1630 East McMillan Road,,Meridian,ID,83646,Ada,3100289,Mavrk
34321,39,Dollar General,11458,7771 S LOOP 12,,DALLAS,TX,75217,DALLAS,3263314,1DLlOar Gneral
26840,2,Speedway,7166,12115 Lebanon Road,,Mount Juliet,TN,37122-2519,Wilson,3764169,0SpeePdway
25828,2,Speedway,3620,243 North Sandusky Street,,Tiffin,OH,44883-1521,Seneca,2646095,Speedw
24015,19,Kum & Go - Non IRI,659,9665 Prominent Point,,Colorado Springs,CO,80924,WELD,4012762,KumR S& GVo - Non MIRLGI
24889,38,Hucks,313,113 W COMMERCE STREET,,Brownstown,IN,47220,,3149888,Hucks
24858,38,Hucks,249,7225 N ALLEN ROAD,,PEORIA,IL,61614,,3224375,Hucks
23878,19,Kum & Go - Non IRI,364,8990 Boyd St,,Omaha,NE,68134,DOUGLAS,3443404,u0m RP& G  NonIARI
34388,39,Dollar General,11520,5225 HIGHWAY 69 N,,NORTHPORT,AL,35473-2042,TUSCALOOSA,3322602,Dollar General
27873,2,Speedway,9641,570 Ohio Pike,,Cincinnati,OH,45255-3315,Clermont,2648256,SZpeIedway
27418,2,Speedway,8610,2502 West Alexis Road,,Toledo,OH,43613-2047,Lucas,2601569,SEpeedwa7y
27387,2,Speedway,8400,3269 Main Street,,Marlette,MI,48453-1264,Sanilac,3104637,SpeeW6dway
27894,2,Speedway,9673,396 West Tom T Hall Boulevard,,Olive Hill,KY,41164-7688,Carter,3309557,SpTeedOway
27877,2,Speedway,9648,2112 Duncan Street,,Louisville,KY,40212-1367,Jefferson,2491907,SpeOdaGy
34408,39,Dollar General,11539,1555 S BOEKE RD,,EVANSVILLE,IN,47714-3123,VANDERBURGH,3320923,Dolla Gene
27372,2,Speedway,8316,630 Joliet Street,,Dyer,IN,46311-1717,Lake,3267292,Spedwy
25514,2,Speedway,1251,260 South Locust Street,,Oxford,OH,45056-1718,Butler,2646697,Speday
26864,2,Speedway,7382,21 West 400 North Avenue,,Lombard,IL,60148-1166,Du Page,3293080,Speedway
26262,2,Speedway,5207,6007 Westerville Road,,Westerville,OH,43081-4055,Franklin,2637795,Spe7e2dway
26861,2,Speedway,7330,2227 Campbell St,,Sandusky,OH,44870-4819,Erie,3666305,Seeda90y
34419,39,Dollar General,1155,245 W MAIN ST,,PETERSBURG,IN,47567-1334,PIKE,3318320,DXolIlar GenBer6al
25498,2,Speedway,1202,301 Xenia Avenue,,Yellow Springs,OH,45387-1835,Greene,2648648,Seeway
34355,39,Dollar General,11490,2195 NW 10TH ST,,OCALA,FL,34475-5339,MARION,3321449,lla GenZerW1al
15937,24,Maverik,497,455 State Street,,Cortez,CO,81321,Montezuma,3674382,MaZverOik
26356,2,Speedway,5566,1806 North Lincoln Street,,Greensburg,IN,47240-1280,Decatur,2914652,Speedway
25870,2,Speedway,3737,1190 North Court Street,,Circleville,OH,43113-1304,Pickaway,2637899,Seeday
24102,19,Kum & Go - Non IRI,931,2901 37th St,,Evans,CO,80620,WELD,2886629,Kum & Go - Non IRI
24124,19,Kum & Go - Non IRI,994,4330 Clydesdale Pkwy,,Loveland,CO,80538,LARIMER,4209880,Kum & Go - Non IRI
23776,19,Kum & Go - Non IRI,1,609 Central Ave W,,Hampton,IA,50441,FRANKLIN,2760246,Kum & PGo - ENon9J I3R4I
34292,39,Dollar General,1143,2038 N JEFFERSON ST,,HUNTINGTON,IN,46750-1353,HUNTINGTON,3321351,ola Gneral
22758,30,Jacksons,63,101 E. Logan St.,,Caldwell,ID,83605,Canyon,2741772,VJaTcksons
27394,2,Speedway,8493,400 North Sandusky Avenue,,Bucyrus,OH,44820-1855,Crawford,2645740,Sedway
23904,19,Kum & Go - Non IRI,408,2811 E Central Ave,,Bentonville,AR,72712,BENTON,3384169,Kum o  onIRI
26373,2,Speedway,6120,401 Kentucky Avenue,,Indianapolis,IN,46225-1123,Marion,3303720,0Spee7dway
25891,2,Speedway,3966,5150 Route 10,,Barboursville,WV,25504-9666,Cabell,3982547,SpeOedGway
27837,2,Speedway,9596,246 Southland Drive,,Lexington,KY,40503-1933,Fayette,2485846,NSpReedway
15769,24,Maverik,270,217 W. Main St.,,Lovell,WY,82431,Big Horn,3100293,MavePri
26853,2,Speedway,7218,1202 South Main Street,,Eaton Rapids,MI,48827-1956,Eaton,3309708,Sedway
15969,24,Maverik,536,89 North Main St.,,Ephraim,UT,84627,Sanpete,2657967,MIaveik
15872,24,Maverik,424,3249 F Road,,Clifton,CO,81520,Mesa,3216137,aver2ik
26267,2,Speedway,5222,179 East Dayton Yellow Springs Road,,Fairborn,OH,45324-3446,Greene,2648367,SCpeedwa9y
26279,2,Speedway,5259,8023 Springboro Pike,,Miamisburg,OH,45342-3702,Montgomery,2648446,peedwa
23927,19,Kum & Go - Non IRI,449,15679 Kodiak Rd,,Neosho,MO,64850,NEWTON,3104658,Ku&o - Nn IR
26857,2,Speedway,7279,19246 Northland Drive,,Big Rapids,MI,49307-9742,Mecosta,138887,Sedway
22708,30,Jacksons,52,1203 S. Orchard St.,,Boise,ID,83705,Ada,2489965,Jacksons
24020,19,Kum & Go - Non IRI,668,3091 N Chestnut ST,,Colorado Springs,CO,80907,EL PASO,3667655,ZNKu0m & Go - Non 0YIORI
34340,39,Dollar General,11477,200 STATE AVE,,BEAVER,PA,15009-1728,BEAVER,3318023,Dollar General
27392,2,Speedway,8440,701 North Independence Boulevard,,Romeoville,IL,60446-1131,Will,3222039,Speedway
25901,2,Speedway,4021,4320 East Lake St,,Minneapolis,MN,55406-2301,Hennepin,4184320,Speedway
27410,2,Speedway,8556,895 Lorain Boulevard,,Elyria,OH,44035-2872,Lorain,2602010,OSpee2dway
34316,39,Dollar General,11453,5990 MEDGAR EVERS BLVD,,JACKSON,MS,39213-3411,HINDS,3301096,DZolaOr GePral
25447,2,Speedway,1015,405 South Burnett Road,,Springfield,OH,45505-2717,Clark,2649330,S0ee7dwy
23854,19,Kum & Go - Non IRI,28,2991 Sunset Dr,,Norwalk,IA,50211,WARREN,2493021,Kum & Go - Non IRI
34440,39,Dollar General,1157,1419 MAIN ST,,ROCHESTER,IN,46975-2109,FULTON,4017679,IDBoDlar Gener
23031,30,Jacksons,42,791 N. Garden St.,,Boise,ID,83706,Ada,2488659,JIAacsos
24132,19,Kum & Go - Non IRI,2035,7265 Vista Dr,,West Des Moines,IA,50266,POLK,2495595,Ku Go - Nn I
15967,24,Maverik,533,748 E. Main Street,,Wellsville,UT,84339,Cache,3950464,Maverik
27896,2,Speedway,9675,819 South Limestone,,Lexington,KY,40508-3222,Fayette,2488876,Speedway
26370,2,Speedway,6094,53 East Broadway Street,,Shelbyville,IN,46176-1334,Shelby,2914659,Sped4w0y
34356,39,Dollar General,11491,755 N MAIN ST,,MAYPEARL,TX,76064-1726,ELLIS,3263309,Dollar Grl
23885,19,Kum & Go - Non IRI,373,13905 Williamsburg Dr,,Bellevue,NE,68123,SARPY,2862159,u &G Non IRI
23053,30,Jacksons,65,830 2nd Ave. S.,,Payette,ID,83661,Payette,2488938,aNUckons
26377,2,Speedway,6140,5221 South Emerson Avenue,,Indianapolis,IN,46237-1956,Marion,3232927,pedway
23045,30,Jacksons,618,15606 NE Woodinville Duvall Pl,,Woodinville,WA,98072,King,2710432,JacFksTons
25985,2,Speedway,4237,8000 West 95Th Street,,Hickory Hills,IL,60457-2210,Cook,2775270,SpeeIdGway
22810,30,Jacksons,9,565 S. 16th St.,,Payette,ID,83661,Payette,2487720,Jacksons
34315,39,Dollar General,11452,475 E OLD ROUTE 66,,STRAFFORD,MO,65757,GREENE,3318979,DoGllar6X Gerl
25443,2,Speedway,1137,102 West High Street,,London,OH,43140-1307,Madison,2638109,Seeway
16011,24,Maverik,580,1075 S. 1100 W.,,Lehi,UT,84043,Utah,4067034,MT5averik
26293,2,Speedway,5299,6500 West Central Avenue,,Toledo,OH,43617-1031,Lucas,2601648,Speedway
24086,19,Kum & Go - Non IRI,905,905 Main St,,Silt,CO,81652,GARFIELD,2773518,Km Go Nn IRI
25506,2,Speedway,1217,1415 South Main Street,,Findlay,OH,45840-1303,Hancock,2649933,Spe3edNway
25957,2,Speedway,4179,403 East Wisconsin Avenue,,Oconomowoc,WI,53066-3039,Waukesha,3180548,SpAeed3way
27864,2,Speedway,9630,3000 West Alex Bell Road,,Dayton,OH,45449-2811,Montgomery,2649178,Spedwa
27904,2,Speedway,9690,420 Main Street,,Delta,OH,43515-1315,Fulton,2640086,Spedwa
34310,39,Dollar General,11448,901 1ST ST,,COLONA,IL,61241-9750,HENRY,3319932,2Dol0ar8 Genra
24064,19,Kum & Go - Non IRI,862,230 S Adams Rd,,Sand Springs,OK,74063,TULSA,2651565,KVGEum & Go -N6 Non XIRI
26274,2,Speedway,5243,900 Scott Drive,,Piqua,OH,45356-4118,Miami,2648496,Speeda
23949,19,Kum & Go - Non IRI,4904,230 W Jefferson Ave,,Hayden,CO,81639,ROUTT,2760201,um &G -on RI
26241,2,Speedway,5108,737 West Church Street,,Newark,OH,43055-4231,Licking,2637568,0ISpeway
24876,38,Hucks,291,600 U.S. HWY. 60 E.,,MORGANFIELD,KY,42437,,2487784,uVcks
25925,2,Speedway,4087,148 Liberty Avenue,,Beloit,WI,53511-4455,Rock,2706854,Seeday
23906,19,Kum & Go - Non IRI,4098,7229 University Avenue,,Windsor Heights,IA,50324,POLK,2495581,Kum & Go - Non IRI
25844,2,Speedway,3652,564 North Trimble Road,,Mansfield,OH,44906-2168,Richland,2646238,ISpeedwIay
23989,19,Kum & Go - Non IRI,562,3449 W Kearney St,,Springfield,MO,65803,GREENE,3027845,KFAum3 &E GYo - NVon IRI
26283,2,Speedway,5266,5000 North Main Street,,Dayton,OH,45415-3635,Montgomery,2648887,PSpVeedw
22674,30,Jacksons,34,3200 S. Vista Ave.,,Boise,ID,83705,Ada,2493249,Jacsns
16031,24,Maverik,607,5992 W Pointe Parkway,,Post Falls,ID,83854,Kootenai,4256248,Maverik
25432,2,Speedway,9329,1939 Waddy Road,,Waddy,KY,40076,Shelby,4284868,Speday
25976,2,Speedway,4204,1551 Woodlane Dr,,Woodbury,MN,55125-2222,Washington,4184883,Spe1edGway
22761,30,Jacksons,632,17941 108th Ave. SE,,Renton,WA,98055,King,1444253,Jacksons
27868,2,Speedway,9635,387 Versailles Road,,Frankfort,KY,40601-3645,Franklin,2486656,Speedway
25444,2,Speedway,1001,731 North Main Street,,Urbana,OH,43078-1101,Champaign,2637778,ZSpZeedway
26826,2,Speedway,7147,2920 Decatur Pike,,Athens,TN,37303-8907,McMinn,3673703,SpSeedwaJy
25450,2,Speedway,1020,10950 Broadway,,Crown Point,IN,46307-7311,Lake,3541372,Speedway
34398,39,Dollar General,1153,1208 STATE ROAD 114 W,,NORTH MANCHESTER,IN,46962-1946,WABASH,3320504,DolOVlarGeraBl
34299,39,Dollar General,11437,20 CHESTNUT BLUFF RD,,FRIENDSHIP,TN,38034-3212,CROCKETT,3317137,Doar Genel
25859,2,Speedway,3684,4000 East Market Street,,Warren,OH,44484-4712,Trumbull,2645343,Speedway
15918,24,Maverik,475,1223 East Prater Way,,Sparks,NV,89434,Washoe,3551590,Mav0e7rik
22805,30,Jacksons,86,1005 Broadway Ave.,,Boise,ID,83706,Ada,2741771,JcG1ksos
24831,35,Yokes,9,3321 West Indian Trail Rd.,,Spokane,WA,99208,,2716901,YoXes
15858,24,Maverik,400,1103 East Us Hwy 50,,Fruita,CO,81521,Mesa,3213414,MavYerNik
22676,30,Jacksons,36,818 N. 8th St.,,Boise,ID,83702,Ada,2488864,Jacksons
27902,2,Speedway,9686,6821 Southside Drive,,Louisville,KY,40214-2856,Jefferson,2495415,Speedway
23037,30,Jacksons,54,8990 W. Overland Rd.,,Boise,ID,83709,Ada,2497600,Jacksons
25530,2,Speedway,1331,3803 South Scatterfield Road,,Anderson,IN,46013-2620,Madison,3180538,Speedway
27855,2,Speedway,9617,324 North Main Street,,New Carlisle,OH,45344-1839,Clark,3241186,S2pJeedy
26268,2,Speedway,5224,1136 East Main Street,,Chillicothe,OH,45601-2850,Ross,2649389,Speedway
25974,2,Speedway,4202,6340 Lake Road,,Windsor,WI,53598-9714,Dane,2706708,Speday
23054,30,Jacksons,70,356 Lincoln St.,,American Falls,ID,83211,Power,2861328,acksos
23943,19,Kum & Go - Non IRI,480,777 E Battlefield Road,,Springfield,MO,65807,GREENE,3719935,Kum G- N IRI
26338,2,Speedway,5515,10070 Highland Road,,Hartland,MI,48353-2520,Livingston,3296624,Speedway
25868,2,Speedway,3698,990 East Broad Street,,Elyria,OH,44035-6540,Lorain,2641372,SeeMLdwy
26228,2,Speedway,5036,110 Arrowhead Dr,,Hampshire,IL,60140-7656,Kane,3973366,Speedway
26369,2,Speedway,6078,823 East Winona Avenue,,Warsaw,IN,46580-4510,Kosciusko,3269651,Speedway
34405,39,Dollar General,11536,700 WORTHINGTON AVE,,CLAIRTON,PA,15025-1231,ALLEGHENY,3319518,GDolla5r VGeneTral
34365,39,Dollar General,115,1475 E HIGH ST,,WAYNESBURG,PA,15370-9559,GREENE,3320834,DAollaK en0eal
15889,24,Maverik,439,1520 Campbell Street,,Baker City,OR,97814,Baker,3327064,MavPe7rik
25983,2,Speedway,4230,14001 West Greenfield Avenue,,New Berlin,WI,53151-1639,Waukesha,3021241,peeday
24101,19,Kum & Go - Non IRI,930,2150 E Bridge St,,Brighton,CO,80601,ADAMS,3003390,Ku3mK & GMJo 9- Non IJRI
26354,2,Speedway,5556,719 West Morgan Street,,Spencer,IN,47460-1135,Owen,2914675,Sedway
34413,39,Dollar General,11543,23672 OLD US 20,,ELKHART,IN,46516-5584,ELKHART,3323616,DolKla6r GenTeZral
24402,29,Midwest Petroleum,1091,2712 Paris Rd,,Columbia,MO,65202,,2534335,Midst erolum
25841,2,Speedway,3643,4661 Woodville Road,,Northwood,OH,43619-1801,Wood,2601687,Sp8d8way
15741,24,Maverik,232,1899 US Hwy 26,,Gooding,ID,83330,Gooding,2870629,Mave9riTk
24014,19,Kum & Go - Non IRI,658,6125 Barnes Rd,,Colorado Springs,CO,80922,EL PASO,3514108,Km  G  on II
22737,30,Jacksons,57,30 W. State St.,,Eagle,ID,83616,Ada,2483627,JacIksonTs
34367,39,Dollar General,11500,4800 AL HIGHWAY 24,,MOUNT HOPE,AL,35651-2706,LAWRENCE,3322477,2DollaTr GenerSaHl
24338,28,Petro Mart,71,14898 W Clayton Rd,,Chesterfield,MO,63017,Saint Louis,2896169,ProMart
22720,30,Jacksons,532,16211 Boones Ferry Rd.,,Lake Oswego,OR,97035,Clackamas,2914548,ackson
34374,39,Dollar General,11507,1393 MAIN ST,,BONNEAU,SC,29431-5019,BERKELEY,3320737,Dllar GA8eeSal
23055,30,Jacksons,77,585 W. 6th S.,,Mountain Home,ID,83647,Elmore,2487749,JSackFsons
24843,38,Hucks,142,1107 W. OAK ST.,,Carmi,IL,62821,,2383840,HuckQs
27880,2,Speedway,9651,5360 Athens Boonesboro Road,,Lexington,KY,40509-9491,Fayette,2494808,SpeedFw4ay
34396,39,Dollar General,11528,13198 EMERSON AVE,,WILLIAMSTOWN,WV,26187-8086,WOOD,3323409,DoOllar G2eKneUral
24045,19,Kum & Go - Non IRI,806,1301 Bison Drive,,Williston,ND,58801,WILLIAMS,3957945,Ku  Go  N RI
34403,39,Dollar General,11534,469 N MARKET BLVD,,WEBSTER,FL,33597-9038,SUMTER,3121600,NlWRlar Geneal
22715,30,Jacksons,527,9215 SE Powell Blvd.,,Portland,OR,97266,Multnomah,195656,Jkso1nKs
34323,39,Dollar General,1146,913 COMMERCE DR S,,LIGONIER,IN,46767-1742,NOBLE,3319991,Dlar Gnral
34354,39,Dollar General,1149,1305 W MAIN ST,,MITCHELL,IN,47446-1255,LAWRENCE,3320638,Dollar General
15861,24,Maverik,405,3202 W. Ustick Rd.,,Meridian,ID,83646,Ada,3655718,Maverik
26243,2,Speedway,5117,5657 Cleveland Avenue,,Columbus,OH,43231-2831,Franklin,2639493,Spdway
27386,2,Speedway,8397,1001 West Caro Road,,Caro,MI,48723-9221,Tuscola,3180558,peeday
22745,30,Jacksons,6084,10801 NE 68TH ST,,Kirkland,WA,98033,King,2710254,ackson
25522,2,Speedway,1305,740 South Wabash Street,,Wabash,IN,46992-3331,Wabash,2914636,Speedway
25452,2,Speedway,1026,3 East North Bend Road,,Cincinnati,OH,45216-1721,Hamilton,2647478,Speway
23030,30,Jacksons,162,3950 W State St.,,Eagle,ID,83616,Ada,4215409,Jacksons
23937,19,Kum & Go - Non IRI,469,529 S Grant Ave,,Springfield,MO,65806,GREENE,2518799,7CKum & Go P-O 7NoJn IRI
15913,24,Maverik,469,2810 Washington Blvd,,Ogden,UT,84401,Weber,3511819,Mave6rk
26256,2,Speedway,5181,8202 Allisonville Road,,Indianapolis,IN,46250-1532,Marion,3258845,QSPpeeay
27381,2,Speedway,8391,310 South Cedar Street,,Imlay City,MI,48444-1306,Lapeer,2513896,Speedway
34363,39,Dollar General,11498,8501 STATE ROUTE 121 S,,FARMINGTON,KY,42040-9348,GRAVES,3323085,Dollar VGZenBeXral
26227,2,Speedway,5034,1005 North Mitthoeffer Road,,Indianapolis,IN,46229-2460,Marion,3303696,SEpeYedway
24075,19,Kum & Go - Non IRI,877,1050 E Albany St,,Broken Arrow,OK,74012,TULSA,3170961,Kum & Go - Non IRI
22689,30,Jacksons,50,1575 E. Boise Ave.,,Boise,ID,83706,Ada,2490869,J4acksonOs
23970,19,Kum & Go - Non IRI,52,25 W Burlington St,,Iowa City,IA,52240,JOHNSON,2483590,um&o - No IR
25940,2,Speedway,4131,2040 North Bechtle Avenue,,Springfield,OH,45504-1586,Clark,2915830,Speedway
24359,29,Midwest Petroleum,1027,5209 Warren Rd,,Imperial,MO,63052,,2540527,MidweNTst PIeXtrBoleum
23856,19,Kum & Go - Non IRI,2812,518 2nd St NE,,Tioga,ND,58852,WILLIAMS,2760247,KuM3m &  - oVn DIR
22752,30,Jacksons,624,3670 150th Ave. SE,,Bellevue,WA,98006,King,1444196,TJacksoIns
27841,2,Speedway,9601,7740 Alexandria Pike,,Alexandria,KY,41001-1046,Campbell,3102849,SpUe7edway
26302,2,Speedway,5379,23901 West Eames Street,,Channahon,IL,60410-3160,Will,51823,SApe8dwa
24918,38,Hucks,383,3131 Kansas Road,,EVANSVILLE,IN,47725,,3500045,Hcks
23941,19,Kum & Go - Non IRI,474,2930 S National Ave,,Springfield,MO,65804,GREENE,2760378,Kum & Go - Non IRI
25510,2,Speedway,1224,2423 Kings Mills Road,,Mason,OH,45040-2301,Warren,2646560,SpVeeWdway
23860,19,Kum & Go - Non IRI,2926,2510 Gilstrap Ct,,Glenwood Springs,CO,81601,GARFIELD,2450423,Kum & Go - Non IRI
15999,24,Maverik,567,2702 N. Sullivan Rd.,,Spokane Valley,WA,99216,Spokane,4076515,verik
24392,29,Midwest Petroleum,1081,495 S. Hwy 47,,Union,MO,63084,,2517800,MidwDLestI PJ0etroleum
34304,39,Dollar General,11442,495 HIGHWAY 418,,FOUNTAIN INN,SC,29644-9191,GREENVILLE,3257391,DllaGenCe7raYl
25502,2,Speedway,1206,10 North Bridge Street,,Chillicothe,OH,45601-2614,Ross,2915835,SpKMeday
26054,2,Speedway,4476,803 East Geneva Street,,Delavan,WI,53115-1931,Walworth,3309816,NSeedGay
26348,2,Speedway,5528,5025 Lafayette Road,,Indianapolis,IN,46254-1941,Marion,3258835,6SeEedwa
27858,2,Speedway,9622,1040 North Mulberry Street,,Elizabethtown,KY,42701-2048,Hardin,2915810,Speedway
34371,39,Dollar General,11504,2685 NE 14TH ST,,OCALA,FL,34470-8804,MARION,3321759,DQol0lar Genera8Il
15965,24,Maverik,530,117 Boyd Kennedy Rd.,,Spring Creek,NV,89815,Elko,3950462,avrik
22695,30,Jacksons,506,519 NE Broadway,,Portland,OR,97232,Multnomah,191902,Jckson
25959,2,Speedway,4182,1406 Yankee Doodle Rd,,Eagan,MN,55121-1893,Dakota,2528014,Speedway
34442,39,Dollar General,11571,13649 NC HIGHWAY 210 S,,SPRING LAKE,NC,28390-7528,HARNETT,3257706,DJoVlFlaWr General
23946,19,Kum & Go - Non IRI,487,411 S Madison Ave,,Webb City,MO,64870,JASPER,2516330,Kum & Go - Non IRI
25836,2,Speedway,3634,293 East Market Street,,Akron,OH,44308-2005,Summit,2762332,9Spe0ewy
22694,30,Jacksons,505,15 NE Broadway St.,,Portland,OR,97232,Multnomah,190539,JaEsonZs
16002,24,Maverik,570,1019 E Francis Ave.,,Spokane,WA,99208,Spokane,4020076,MveKrik
25523,2,Speedway,1308,409 West 30Th Street,,Connersville,IN,47331-2509,Fayette,2914638,SpZ2dway
15944,24,Maverik,505,859 West Main Street,,Rexburg,ID,83440,Madison,3744284,Maverik
26845,2,Speedway,7176,1535 Nashville Hwy,,Columbia,TN,38401-2070,Maury,3941013,GSSpeedway
26271,2,Speedway,5237,1000 West Main Street,,Tipp City,OH,45371-1349,Miami,2761112,SpeedTwKay
25512,2,Speedway,1231,1895 Stringtown Road,,Grove City,OH,43123-2921,Franklin,2637956,Speedway
26252,2,Speedway,5169,2232 Needmore Road,,Dayton,OH,45414-4146,Montgomery,2648856,peedwy
25857,2,Speedway,3682,7966 Darrow Road,,Twinsburg,OH,44087-2334,Summit,3599019,Speedw
26372,2,Speedway,6108,2615 North Emerson Avenue,,Indianapolis,IN,46218-3235,Marion,2914661,Sedway
27383,2,Speedway,8394,8462 State Road,,Millington,MI,48746-9445,Tuscola,2544888,3SpeeOdway
23042,30,Jacksons,614,22727 Bothell Everett Hwy,,Bothell,WA,98021,Snohomish,3207614,Jasons
24110,19,Kum & Go - Non IRI,942,6503 29th Street,,Greeley,CO,80634,WELD,3622831,Kum & Go - Non IRI
24399,29,Midwest Petroleum,1094,126 S. Providence Rd,,Columbia,MO,65203,,2507281,Miwes5t PVtro25lu
24071,19,Kum & Go - Non IRI,873,3939 S Peoria Ave,,Tulsa,OK,74105,TULSA,2651602,um8 &3 GoNU - N II
24888,38,Hucks,312,104 WABASH RD,,NORTH MANCHESTER,IN,46962,,2909571,Huc9ks
34313,39,Dollar General,11450,4502 N SHADELAND AVENUE,,INDIANAPOLIS,IN,46226-3835,MARION,3322418,DoBllSar GenCFeral
22738,30,Jacksons,59,2513 Caldwell Blvd.,,Nampa,ID,83651,Canyon,2492485,Jacksons
27403,2,Speedway,8532,50724 Us 31 N,,South Bend,IN,46637-2063,St Joseph,2914722,Spee1wBa
25999,2,Speedway,4301,1600 East Sunset Drive,,Waukesha,WI,53189-8030,Waukesha,3034264,Speedway
23972,19,Kum & Go - Non IRI,521,205 2nd Street,,Coralville,IA,52241,JOHNSON,3928450,K8umE &I GoW - NZon IRJI
34375,39,Dollar General,11508,916 W JEFFERSON ST,,JOLIET,IL,60435-7355,WILL,3320010,DllrGenerl
24257,19,Kum & Go - Non IRI,807,1404 2nd St W,,Williston,ND,58801,WILLIAMS,2760331,Km &Go on IR
25516,2,Speedway,1260,1103 Upper Valley Pike,,Springfield,OH,45504-4017,Clark,2649314,SpZeTedway
24006,19,Kum & Go - Non IRI,62,6130 NW 86th St,,Johnston,IA,50131,POLK,2495150,Kum & Go - Non IRI
26860,2,Speedway,7329,10005 North Michigan Road,,Carmel,IN,46032-9640,Hamilton,2859789,Speedway
22812,30,Jacksons,914,2406 S MONTANA AVE,,Caldwell,ID,83605,Canyon,2492335,JcCJkson
26834,2,Speedway,7158,1898 Genesis Rd,,Crossville,TN,38555-1663,Cumberland,3737208,S6peCedway
27366,2,Speedway,8296,1120 Us Hwy 17 S.,,Elizabeth City,NC,27909-7629,Pasquotank,3989539,Speedway
24919,38,Hucks,384,4200 Lafayette Road,,Hopkinsville,KY,42240,,3509004,HuScks
22722,30,Jacksons,535,18122 SE McLoughlin Blvd,,Portland,OR,97267,Clackamas,2910553,Ja5cksonKs
23988,19,Kum & Go - Non IRI,561,3445 E Kearney St,,Springfield,MO,65803,GREENE,3027844,Kum &o Nn II
23997,19,Kum & Go - Non IRI,573,5830 SE 14th St,,Des Moines,IA,50320,POLK,3351419,Kum &1B YNG2o - Non GIRI
25839,2,Speedway,3637,4210 Belmont Avenue,,Youngstown,OH,44505-1004,Trumbull,2645424,Speedway
27854,2,Speedway,9616,830 East National Road,,Vandalia,OH,45377-3028,Montgomery,2648598,Speedway
24294,19,Kum & Go - Non IRI,979,3910 Foothill Blvd,,Rock Springs,WY,82901,SWEETWATER,3983532,Kum & o No R
24088,19,Kum & Go - Non IRI,907,101 Ruby Ranch Rd,,Silverthorne,CO,80498,SUMMIT,2773516,KuMm & J9Go6 -B 0Non IRI
24007,19,Kum & Go - Non IRI,620,412 N Sycamore Ave,,Sioux Falls,SD,57110,MINNEHAHA,3104659,Ku R&  -R N2Ion IR
26314,2,Speedway,5413,1459 North High Street,,Hillsboro,OH,45133-8556,Highland,2915832,Speedway
27365,2,Speedway,8295,101 W Washington St.,,La Grange,NC,28551-1721,Lenoir,3942497,Speed14way
34314,39,Dollar General,11451,7730 HIGHWAY 41 N,,ADAMS,TN,37010-4920,ROBERTSON,3322988,Dollar General
26308,2,Speedway,5401,1551 Covington Avenue,,Piqua,OH,45356-2830,Miami,2648486,MSpeeIdway
26863,2,Speedway,7350,5499 Grand Avenue,,Gurnee,IL,60031-1786,Lake,3340238,SpeeTdw8ay
22648,30,Jacksons,1586,6225 S FIVE MILE RD,,Boise,ID,83709,Ada,2495190,aksDoVns
25451,2,Speedway,1025,1147 North Limestone Street,,Springfield,OH,45503-3621,Clark,2649255,SVpeewMy
25462,2,Speedway,1076,715 Brown Road,,Columbus,OH,43223-2101,Franklin,2639164,5GSpdway
15845,24,Maverik,383,6168 S. Cloverdale Rd,,Boise,ID,83709,Ada,2914525,T3Maverik
26284,2,Speedway,5268,595 Anderson Ferry Road,,Cincinnati,OH,45238-5264,Hamilton,2647885,Seeday
26298,2,Speedway,5344,8301 Lemont Road,,Darien,IL,60561-1767,Du Page,3180534,peedwa
22660,30,Jacksons,20,1107 N. Curtis Rd.,,Boise,ID,83706,Ada,2489691,Jacksn
25990,2,Speedway,4264,2640 County Rd I,,Mounds View,MN,55112-4301,Ramsey,4184317,Sp1dwaCy
26266,2,Speedway,5218,2691 Springdale Road,,Cincinnati,OH,45231-1813,Hamilton,2647727,Speway
26281,2,Speedway,5264,2172 Arlington Avenue,,Toledo,OH,43609-1972,Lucas,2640314,Speedway
27408,2,Speedway,8539,6082 East 12 Mile Road,,Warren,MI,48092-3965,Macomb,3309692,pe3d8way
23981,19,Kum & Go - Non IRI,544,1120 S Commercial Ave,,Eagle Grove,IA,50533,WRIGHT,2760312,Kum& Go  NnR
24878,38,Hucks,296,5608 HUMBERT RD,,ALTON,IL,62002,,2380789,HuckTs
15935,24,Maverik,494,2477 Peterson Road,,Colorado Springs,CO,80915,El Paso,4029749,Mvrik
15941,24,Maverik,502,1640 West 3rd Street,,Alliance,NE,69301,Box Butte,3676209,MaeriCk
26013,2,Speedway,4338,200 Main St,,Elk River,MN,55330-1530,Sherburne,2914378,Seedwa
23963,19,Kum & Go - Non IRI,508,30 Four Oaks Drive SW,,Cedar Rapids,IA,52404,LINN,3307628,RK7um & Go -8 Non PI5R3I
23871,19,Kum & Go - Non IRI,348,12011 Blondo St,,Omaha,NE,68164,DOUGLAS,2590421,Km & G3o - RoCIKRI
16017,24,Maverik,592,10707 W SR 2 Hwy,,Airway Heights,WA,99224,Spokane,4218664,MaveriGDk
25902,2,Speedway,4022,1750 White Bear Ave,,Maplewood,MN,55109-3703,Ramsey,4184722,SOpedYwa
25494,2,Speedway,1197,7397 Tylersville Road,,West Chester,OH,45069-1520,Butler,2646765,ESBpeedway
26843,2,Speedway,7172,320 Providence Blvd,,Clarksville,TN,37042-4326,Montgomery,3927737,5SpeeMdy
23954,19,Kum & Go - Non IRI,495,102 Ridgecrest Ave,,Nixa,MO,65714,CHRISTIAN,3027834,5Kum &K Go - RN1So8n IRI
23779,19,Kum & Go - Non IRI,113,2801 E. 13Th St.,,Ames,IA,50010,STORY,2492819,Kum & Go - Non IRI
24037,19,Kum & Go - Non IRI,75,350 SE University Ave,,Waukee,IA,50263,DALLAS,2856485,m & G -on RI
25481,2,Speedway,1171,1 West Broadway Street,,Covington,OH,45318-1301,Miami,2859847,SpedaI2y
27382,2,Speedway,8392,4000 South Mill Road,,Dryden,MI,48428-7729,Lapeer,2538018,eeVdwaJy
27435,2,Speedway,8664,1205 West Church Street,,Laurinburg,NC,28352-3418,Scotland,3932031,peeway
25956,2,Speedway,4178,104 North Church Street,,Watertown,WI,53094-7616,Jefferson,3034263,Speewa
23965,19,Kum & Go - Non IRI,51,323 E Burlington St,,Iowa City,IA,52240,JOHNSON,2760222,Ku6&EL G - Non FIR
25915,2,Speedway,4046,16400 Rockside Road,,Maple Heights,OH,44137-3966,Cuyahoga,2643851,Speedway
22703,30,Jacksons,515,1220 NW Waterhouse Ave.,,Beaverton,OR,97006,Washington,192908,Jac9ksoJns
26890,2,Speedway,7490,6150 Stadium Drive,,Kalamazoo,MI,49009-2081,Kalamazoo,3309578,Speedway
26305,2,Speedway,5390,920 North Green Street,,Brownsburg,IN,46112-1033,Hendricks,2914647,Speedway
26382,2,Speedway,6201,15121 East 10 Mile Road,,Eastpointe,MI,48021-1007,Macomb,3309707,Speewa
25387,2,Speedway,2994,761 W. Ajo Way,,Tucson,AZ,85713-0000,Pima,4293138,Speedway
26075,2,Speedway,4520,2295 Rice Street,,Roseville,MN,55113-3703,Ramsey,4184773,Sedway
25864,2,Speedway,3691,1555 Pearl Road,,Brunswick,OH,44212-3403,Medina,2644219,SpFeeTdway
27401,2,Speedway,8528,1107 West State Road 2,,La Porte,IN,46350-5466,La Porte,2908291,Speedway
24248,19,Kum & Go - Non IRI,669,6735 N Carefree Cir,,Colorado Springs,CO,80922,EL PASO,3585843,Ku9 T& Go - Pn RWI
26867,2,Speedway,7398,5505 Perry Rd,,Grand Blanc,MI,48439,Genesee,4138644,XSpeedwaKy
22727,30,Jacksons,542,4397 Commercial St. SE,,Salem,OR,97302,Marion,194770,JUacksWn
15881,24,Maverik,427,995 Ambassador Drive,,Reno,NV,89523,Washoe,3286326,Maverik
24009,19,Kum & Go - Non IRI,631,1400 N Cliff Ave,,Sioux Falls,SD,57103,MINNEHAHA,3504723,Ku Go Non RI
22740,30,Jacksons,602,2631 Walnut St.,,Everett,WA,98201,Snohomish,3169621,JTackoDn
26357,2,Speedway,6009,3939 West 3Rd Street,,Bloomington,IN,47404-4868,Monroe,2914683,VSDeedwy
23956,19,Kum & Go - Non IRI,497,3049 East US HWY 60,,Republic,MO,65738,GREENE,3097907,uNU & SG - NIo IRI
15953,24,Maverik,516,1078 East State Road,,American Fork,UT,84003,Utah,3926561,MWaveri
15892,24,Maverik,442,920 West 36th Street,,Scottsbluff,NE,69361,Scotts Bluff,3405021,Maverik
23992,19,Kum & Go - Non IRI,567,2904 E Sunshine St,,Springfield,MO,65804,GREENE,3027842,Kum & Go - Non IRI
27389,2,Speedway,8402,1030 South Lapeer Road,,Lake Orion,MI,48360-1428,Oakland,3309709,5See9day
24337,28,Petro Mart,7,1200 Main St,,Imperial,MO,63052,Jefferson,3104473,PetUrMar2t
15744,24,Maverik,236,107 South 4th Street,,Montpelier,ID,83254,Bear Lake,3265208,Maverik
22595,30,Jacksons,111,1334 NW 9th St.,,Corvallis,OR,97330,Benton,193024,0JcsonTs
26291,2,Speedway,5289,3605 West Broad Street,,Columbus,OH,43228-1451,Franklin,2639272,Speedway
27881,2,Speedway,9653,1422 Poplar Level Road,,Louisville,KY,40217-1345,Jefferson,2490539,Speedway
25889,2,Speedway,3962,5951 E. Rockton Road,,Roscoe,IL,61073-6100,Winnebago,4210782,peeday
27860,2,Speedway,9626,1220 Broadway Avenue,,Bowling Green,KY,42104-2452,Warren,2490045,pedKIway
15921,24,Maverik,479,3991 Limelight Ave,,Castle Rock,CO,80109,Douglas,3556576,Maeri
34359,39,Dollar General,11494,13599 COLUMBIA HWY,,LYNNVILLE,TN,38472,GILES,3323461,Dollar General
26277,2,Speedway,5253,1650 East Wooster Street,,Bowling Green,OH,43402-3455,Wood,2639826,peed4wWy
25513,2,Speedway,1232,10291 Miamisburg Springboro Rd,,Miamisburg,OH,45342-4772,Montgomery,3602640,DpedwGay
34373,39,Dollar General,11506,7730 STATE ROAD 64,,GEORGETOWN,IN,47122-9063,FLOYD,3322989,Dollar General
25475,2,Speedway,1159,545 West Fair Avenue,,Lancaster,OH,43130-2370,Fairfield,2638026,SpeewVIy
34337,39,Dollar General,11474,8311 SPENCER HWY,,DEER PARK,TX,77536-6559,HARRIS,3263353,oYllaEr neraLl
27832,2,Speedway,9588,12676 Main Street,,Martin,KY,41649-0750,Floyd,2497938,peeway
27845,2,Speedway,9606,10009 Brownsboro Rd,,Louisville,KY,40241-1101,Jefferson,3642417,Seeway
26855,2,Speedway,7250,930 South Main Street,,Chelsea,MI,48118-1331,Washtenaw,3309673,Speedway
24935,38,Hucks,241,101 W MAIN ST,,FAIRFIELD,IL,62837,,3221597,Hucks
23892,19,Kum & Go - Non IRI,383,1010 N Thompson St,,Springdale,AR,72764,WASHINGTON,2760307,KPuV7m & oX Non II
34330,39,Dollar General,11468,7222 ROCKVILLE RD,,INDIANAPOLIS,IN,46214-3939,MARION,3322936,Dollar General
25520,2,Speedway,1300,1401 East Wabash Street,,Frankfort,IN,46041-2742,Clinton,3180541,Spedwy
22699,30,Jacksons,511,1259 SE Tualatin Valley Hwy,,Hillsboro,OR,97123,Washington,2984154,JcWk5ons
27831,2,Speedway,9587,1614 East Main Street,,Cumberland,KY,40823-1837,Harlan,2490964,Sp2eQewy
26287,2,Speedway,5276,3104 Roosevelt Boulevard,,Middletown,OH,45044-6422,Butler,2646641,S5peGedw
25846,2,Speedway,3654,8231 Columbia Road,,Olmsted Falls,OH,44138-2201,Cuyahoga,2643870,Speedway
22596,30,Jacksons,112,3375 Gateway St.,,Springfield,OR,97477,Lane,194441,Jackos
34312,39,Dollar General,1145,9130 S MILL RD,,KNIGHTSTOWN,IN,46148-9639,HENRY,3323161,DolrGenera
26050,2,Speedway,4464,2250 Cliff Rd,,Eagan,MN,55122-2343,Dakota,4184797,Speedway
27835,2,Speedway,9594,3585 Lexington Road,,Versailles,KY,40383-1719,Woodford,2493622,Sp8edwDa
15884,24,Maverik,430,4923 Cleveland Blvd,,Caldwell,ID,83605,Canyon,3234687,Mavri
24030,19,Kum & Go - Non IRI,689,4512 Austin Bluffs Parkway,,Colorado Springs,CO,80918,EL PASO,4114287,Kum & Go - Non IRI
24927,38,Hucks,397,4914 Russellville Rd,,Bowling Green,KY,42101,,3993694,Huks
27797,2,Speedway,9526,421 Richmond Road,,Manchester,KY,40962-1269,Clay,3304314,SpeOedNway
22679,30,Jacksons,3634,4333 TOLT AVE,,Carnation,WA,98014,King,2715610,ackson
23942,19,Kum & Go - Non IRI,476,2161 E Republic Ct,,Springfield,MO,65804,GREENE,2532315,5KumHI & G -Nn 2IR
26374,2,Speedway,6124,7169 Rockville Road,,Indianapolis,IN,46214-3938,Marion,2914689,Speedway
34439,39,Dollar General,11569,706 W WILLSON ST,,NIOTA,TN,37826-3308,MCMINN,3319567,Dollar General
15849,24,Maverik,387,2110 North Park Drive,,Winslow,AZ,86047,Navajo,3215310,Mave5rTik
22732,30,Jacksons,551,86623 East Franklin Blvd.,,Eugene,OR,97405,Lane,196888,Jackson33s
24010,19,Kum & Go - Non IRI,633,1400 N Minnesota Ave,,Sioux Falls,SD,57104,MINNEHAHA,3733196,KN4Pum & G1o - Non IRFCI
24857,38,Hucks,247,908 S Court St.,,MARION,IL,62959,,3221794,Huck9s
27393,2,Speedway,8481,153 Benedict Avenue,,Norwalk,OH,44857-2341,Huron,2645928,SeedGaYy
24116,19,Kum & Go - Non IRI,973,127 Laura Way,,Dacono,CO,80514,WELD,3150276,Kum & Go - Non IRI
24027,19,Kum & Go - Non IRI,685,6615 Dalby Drive,,Colorado Springs,CO,80923,EL PASO,4086978,AKum & Go1 L- XNOonT IRI
26261,2,Speedway,5204,1821 Chester Boulevard,,Richmond,IN,47374-1663,Wayne,3258800,Speeda
24011,19,Kum & Go - Non IRI,635,1005 W. 11th St.,,Sioux Falls,SD,57104,MINNEHAHA,4066858,Kum & Go - Non IRI
23872,19,Kum & Go - Non IRI,349,3400 Linwood Dr.,,Paragould,AR,72450,GREENE,3653487,u & Go -NnRI
26858,2,Speedway,7306,905 West Chicago Boulevard,,Tecumseh,MI,49286-1212,Lenawee,3296631,Sp0eed3way
25521,2,Speedway,1302,1618 North Lebanon Street,,Lebanon,IN,46052-1514,Boone,3180542,NSOpeedway
24374,29,Midwest Petroleum,1047,301 Ellis Blvd,,Jefferson City,MO,65101,,2513380,Midwest Petroleum
27888,2,Speedway,9662,4300 Crittenden Drive,,Louisville,KY,40209-1604,Jefferson,2494192,S0pedMwy
27844,2,Speedway,9605,3201 Valley Street,,Dayton,OH,45424-5133,Montgomery,2648992,SpeRdXwa
15963,24,Maverik,526,304 S Main Street,,Logan,UT,84321,Cache,3947750,aAverik
25480,2,Speedway,1170,624 South 30Th Street,,Heath,OH,43056-1204,Licking,2600630,Speedway
22709,30,Jacksons,520,621 SE Grand Ave.,,Portland,OR,97214,Multnomah,192076,JaTc4kos
25895,2,Speedway,3993,6741 East 82Nd Street,,Indianapolis,IN,46250-4578,Marion,2768918,SeedwQDy
22772,30,Jacksons,647,6601 166th Ave. E.,,Sumner,WA,98390,Pierce,1444214,acsons
23884,19,Kum & Go - Non IRI,371,13149 Fort St,,Omaha,NE,68164,DOUGLAS,2891737,QumU W&DGo- Non II
24899,38,Hucks,350,555 HOFFMAN ROAD,,JASPER,IN,47546,,2885082,Hucks
26346,2,Speedway,5525,4120 East Southport Road,,Indianapolis,IN,46237-3258,Marion,2914651,5S4peedway
27420,2,Speedway,8626,596 Columbus Avenue,,Lebanon,OH,45036-1604,Warren,2646515,SYHpedwa
26365,2,Speedway,6051,4502 South Adams Street,,Marion,IN,46953-5350,Grant,2914656,Speedway
24937,30,Jacksons,173,201 W. Boise Ave.,,Boise,ID,83706,Ada,4302040,JacksLCn
26224,2,Speedway,5018,401 East Lewis And Clark Parkway,,Clarksville,IN,47129-1727,Clark,2769298,SeeIdaJy
26337,2,Speedway,5514,6050 Cambridge Way,,Plainfield,IN,46168-7900,Hendricks,2914681,SpeVFedway
26064,2,Speedway,4495,W164N11233 Squire Drive,,Germantown,WI,53022-6015,Washington,3309839,SpeedwBFay
16016,24,Maverik,590,1010 W 4th Street,,Reno,NV,89503,Washoe,4167469,Mavik
34306,39,Dollar General,11444,1202 AVENUE C,,VALLEY MILLS,TX,76689-2966,BOSQUE,3262652,ollr Gnral
25461,2,Speedway,1070,1708 Tremainsville Road,,Toledo,OH,43613-4038,Lucas,3240517,Speedway
25455,2,Speedway,1033,200 South Main Street,,Franklin,OH,45005-2226,Warren,2646301,peedaWMy
15821,24,Maverik,354,410 F Street,,Rupert,ID,83350,Minidoka,3780183,Mveri1k
25817,2,Speedway,3604,3402 Woodville Road,,Northwood,OH,43619-1530,Wood,2601685,Speedway
34381,39,Dollar General,11514,7218 FANCY GAP HWY,,FANCY GAP,VA,24328-4395,CARROLL,3322934,9D0ollBZar General
24104,19,Kum & Go - Non IRI,934,8150 6th St,,Wellington,CO,80549,LARIMER,2907754,Ku & o Non I
24035,19,Kum & Go - Non IRI,718,305 W South St,,Ozark,MO,65721,CHRISTIAN,4130072,Kum & Go - Non IRI
26249,2,Speedway,5149,930 South Washington Street,,Kokomo,IN,46901-5318,Howard,2914645,SpeTePdway
24105,19,Kum & Go - Non IRI,935,103 Oakridge Dr,,Gypsum,CO,81637,EAGLE,3217976,4TIWKu4m & GNo - Non IRI
24070,19,Kum & Go - Non IRI,872,10021 S Mingo Road,,Tulsa,OK,74133,TULSA,4157373,Kum & Go - Non IRI
26225,2,Speedway,5028,301 West National Avenue,,Brazil,IN,47834-2542,Clay,2914724,Seedwy
23036,30,Jacksons,539,2795 Market St. NE,,Salem,OR,97301,Marion,2984157,JackCsonDs
25988,2,Speedway,4250,885 East Touhy Avenue,,Des Plaines,IL,60018-2701,Cook,3210173,Speedway
27815,2,Speedway,9566,654 North Lake Drive,,Prestonsburg,KY,41653-1280,Floyd,2497936,Speedway
24281,19,Kum & Go - Non IRI,956,215 E Lincolnway,,Cheyenne,WY,82001,LARAMIE,3375311,K9u LY& G  Nn LIRI
27380,2,Speedway,8389,4019 North State Road,,Davison,MI,48423-8501,Genesee,2538131,SpeHedLway
27409,2,Speedway,8540,32123 Van Dyke Avenue,,Warren,MI,48093-8129,Macomb,3309693,Seedwa
24925,38,Hucks,395,306 Morgantown Road,,Bowling Green,KY,42101,,3969465,HVucs
23962,19,Kum & Go - Non IRI,507,610 N Kansas Ave,,North Liberty,IA,52317,JOHNSON,3170948,Kum &Go- NRI
34395,39,Dollar General,11527,5575 A1A S STE 105,,SAINT AUGUSTINE,FL,32080-7045,SAINT JOHNS,3129918,ola Genral
15788,24,Maverik,302,1510 E 700 S,,Clearfield,UT,84015,Davis,3098459,MMaverk
26044,2,Speedway,4450,4960 Douglas Avenue,,Racine,WI,53402-2465,Racine,2703404,Spedwa
16027,24,Maverik,603,303 S Main Street,,Logan,UT,84321,Cache,4192886,Mavik
27413,2,Speedway,8591,2456 West Grand Blanc Road,,Grand Blanc,MI,48439-9340,Genesee,2533466,NSpeeTwa
24869,38,Hucks,283,102 E LINCOLN AVE,,CHANDLER,IN,47610,,3168982,Hucks
25936,2,Speedway,4119,400 Summit Avenue,,Waukesha,WI,53188-3012,Waukesha,3034241,SpIeCday
24084,19,Kum & Go - Non IRI,901,895 Yampa Ave,,Craig,CO,81625,MOFFAT,2760284,Kum & Go - Non IRI
34433,39,Dollar General,11563,306 N WASHINGTON AVE,,TALBOTTON,GA,31827-2035,TALBOT,3318483,Dollar General
27388,2,Speedway,8401,117 North Main Street,,Almont,MI,48003-1085,Lapeer,2506639,Speedway
27788,2,Speedway,9510,851 North Carol Malone Boulevard,,Grayson,KY,41143-1127,Carter,3309569,CSpee0dway
25930,2,Speedway,4103,5670 Peachtree Industrial Blvd,,Norcross,GA,30071-1412,Gwinnett,4010665,Speedway
34378,39,Dollar General,11510,214 N TOPEKA ST,,CARBONDALE,KS,66414-9585,OSAGE,3318189,Dollar General
27789,2,Speedway,9511,7430 Terry Road,,Louisville,KY,40258-2976,Jefferson,2495654,Speedway
34347,39,Dollar General,11483,311 W INDEPENDENCE AVE,,CLINTON,MO,64735-1109,HENRY,4013729,DUol2Xlar Gener4al
15852,24,Maverik,390,980 N. Hoodoo Way,,Washington,UT,84780,Washington,3252491,MaKveik
22733,30,Jacksons,553,7433 North Interstate Ave.,,Portland,OR,97217,Multnomah,195401,Jacksons
34358,39,Dollar General,11493,5420 S RIDGEWOOD AVE,,PORT ORANGE,FL,32127-5628,VOLUSIA,3218162,DMo84lHlar General
24828,35,Yokes,5,117 N. Hill Street,,Kellogg,ID,83837,,2741725,Yoks
23412,32,Ridleys,7152,911 N Main St,,Pocatello,ID,83204,Bannock,2910359,Rilys
23922,19,Kum & Go - Non IRI,438,1429 Park Ave,,Muscatine,IA,52761,MUSCATINE,3902204,Ku &o 0- 5oJn IWRI
34438,39,Dollar General,11568,1474 HIGHWAY 17,,LITTLE RIVER,SC,29566-9221,HORRY,3257511,DMOSollar GeAneral
25821,2,Speedway,3610,1410 Elida Road,,Lima,OH,45805-1547,Allen,2649851,Spedwy
27886,2,Speedway,9658,900 Winchester Road,,Lexington,KY,40505-3933,Fayette,2489074,EYSpeedway
15942,24,Maverik,503,2650 South Orchard Street,,Boise,ID,83705,Ada,3747827,Mvrik
26309,2,Speedway,5402,9369 Mentor Avenue,,Mentor,OH,44060-6413,Lake,2641785,Speedway
22757,30,Jacksons,628,2936 228th Ave. SE,,Sammamish,WA,98075,King,1444187,Jasons
23040,30,Jacksons,60,224 22nd Ave. S.,,Nampa,ID,83651,Canyon,2485723,3acksOon
24395,29,Midwest Petroleum,1085,101 E. Nifong Blvd,,Columbia,MO,65203,,2871616,Midwest Petroleum
26020,2,Speedway,4362,11651 15 Mile Road,,Sterling Heights,MI,48312-5101,Macomb,3309698,0SpRedwy
26121,2,Speedway,4591,6222 Hwy 707,,Myrtle Beach,SC,29588-7322,Horry,3942654,Spe1eBdy
23918,19,Kum & Go - Non IRI,432,3303 W Broadway St,,Bolivar,MO,65613,POLK,3027821,KFuQmS M& G0Qo - Non IRI
34345,39,Dollar General,11481,10486 SMITHVILLE HWY,,SMITHVILLE,TN,37166-8063,WARREN,3323265,Dolla eral
25526,2,Speedway,1319,701 West Adams Street,,Franklin,IN,46131-1613,Johnson,2914640,Speedway
23852,19,Kum & Go - Non IRI,2722,2211 University Ave,,Des Moines,IA,50311,POLK,2492056, & Go - on I
15966,24,Maverik,531,1033 W 200 N,,Logan,UT,84321,Cache,3978056,Ma5ve5rik
24872,38,Hucks,286,230 3RD AVE.,,JASPER,IN,47546,,2885083,Huck
15959,24,Maverik,522,2516 West Karcher Rd,,Nampa,ID,83651,Canyon,2741769,Mverk
26850,2,Speedway,7184,506 Highway 46 S,,Dickson,TN,37055-9501,Dickson,4117791,Spewa64y
27812,2,Speedway,9561,3451 Charleston Rd,,Ripley,WV,25271-3766,Jackson,3642422,Speedy
22696,30,Jacksons,507,1714 NE 33rd Ave.,,Portland,OR,97212,Multnomah,3980045,Jac2ksonBs
22748,30,Jacksons,611,1221 Ave D.,,Snohomish,WA,98290,Snohomish,3207644,Jackso2nZs
25835,2,Speedway,3633,1275 Canton Road,,Akron,OH,44312-3948,Summit,2644825,Speedway
34416,39,Dollar General,11546,2884 NEW CUT RD,,SPARTANBURG,SC,29303-6332,SPARTANBURG,3164073,olaPrMP eneral
24278,19,Kum & Go - Non IRI,953,109 N Main St,,Buffalo,WY,82834,JOHNSON,2760182,Ku Go - XNSn EIRWI
25896,2,Speedway,3995,2091 Crystal Parkway,,Belvidere,IL,61008-4018,Boone,4002623,Speday
34385,39,Dollar General,11518,405 3RD ST,,GROTTOES,VA,24441-1528,ROCKINGHAM,3318769,DollGenerl
24095,19,Kum & Go - Non IRI,92,1025 E 1St ST,,Ankeny,IA,50021,POLK,2489478,Kum & KGOoT - UNDoMn IRI
26347,2,Speedway,5527,14985 Laplaisance Road,,Monroe,MI,48161-3873,Monroe,3309657,Speedway
23921,19,Kum & Go - Non IRI,435,103 W Old Mill Rd,,Fair Grove,MO,65648,GREENE,3027824,Kum & Go - Non IRI
24085,19,Kum & Go - Non IRI,902,1302 W Victory Way,,Craig,CO,81625,MOFFAT,2442497,7Km 2& G - NonWVII
26837,2,Speedway,7163,2522 Christmasville Rd,,Jackson,TN,38305-9592,Madison,3751072,We0edway
22809,30,Jacksons,89,3780 W. Chinden Blvd.,,Garden City,ID,83714,Ada,2493773,JaXckWsons
26889,2,Speedway,7465,12221 75Th Street,,Kenosha,WI,53142-7359,Kenosha,2701085,STYpeedway
15911,24,Maverik,465,11243 West State ST,,Star,ID,83669,Ada,3473951,Ma0veFrik
34295,39,Dollar General,11432,869 HIGHWAY 17 S,,NORTH MYRTLE BEACH,SC,29582-3428,HORRY,3257448,Dollar General
24260,19,Kum & Go - Non IRI,818,2237 13th Ave S,,Fargo,ND,58103,CASS,2760362,Kum & Go - Non IRI
25489,2,Speedway,1191,595 West Central Avenue,,Springboro,OH,45066-1109,Warren,2646726,peSewUay
24081,19,Kum & Go - Non IRI,885,4728 S Yale Ave,,Tulsa,OK,74135,TULSA,3506591,Kum & Go Q- NBoF7n0 IKRI
22672,30,Jacksons,32,2595 Clear Acre Ln,,Reno,NV,89512,Washoe,2582846,Jacksons
22779,30,Jacksons,68,1107 S. 5th Ave.,,Pocatello,ID,83201,Bannock,2861326,Jacksons
23905,19,Kum & Go - Non IRI,409,2388 North College Ave,,Fayetteville,AR,72703,WASHINGTON,3302045,Kum &0P Go - Non PJIR1KI
25816,2,Speedway,3602,5160 Dorr Street,,Toledo,OH,43615-3849,Lucas,2640395,S3pBeedway
23895,19,Kum & Go - Non IRI,399,978 W Pleasant Grove Rd,,Lowell,AR,72745,BENTON,3201525,Kum &G -nIRI
26341,2,Speedway,5518,1258 East Bristol Road,,Burton,MI,48529-2522,Genesee,2526887,SpdJPway
27404,2,Speedway,8534,265 East State Street,,West Lafayette,IN,47906-3222,Tippecanoe,2858024,pedway
23881,19,Kum & Go - Non IRI,368,4041 N 168th St,,Omaha,NE,68116,DOUGLAS,2983806,Kum & Go - Non IRI
24025,19,Kum & Go - Non IRI,676,2588 Airport Road,,Colorado Springs,CO,80910,EL PASO,3688636,mNC & G -NoQn 1IRI
25838,2,Speedway,3636,9 North Cleveland Massillon Road,,Akron,OH,44333-2420,Summit,2644990,4SpeedHway
25525,2,Speedway,1316,1390 West Oak Street,,Zionsville,IN,46077-1263,Boone,3138829,SpSeeIdway
22620,30,Jacksons,134,735 S. Meadows Pkwy.,,Reno,NV,89521,Washoe,3099275,JIacsQon
26115,2,Speedway,4585,3297 East Hwy 9,,Little River,SC,29566-7825,Horry,3942655,Speedway
22604,30,Jacksons,1186,4608 S COLE RD,,Boise,ID,83709,Ada,2494383,Jacksons
15786,24,Maverik,298,510 E. Ustick,,Caldwell,ID,83605,Canyon,2767435,Maverik
25445,2,Speedway,1005,1314 East Main Street,,Springfield,OH,45503-4427,Clark,2649263,Speedway
15856,24,Maverik,398,701 Tunnel Road,,Page,AZ,86040,Coconino,102810,Mavik
25814,2,Speedway,3592,40 North Bridge Street,,Saranac,MI,48881-5108,Ionia,138828,Speedy
22751,30,Jacksons,623,2903 78th Ave. SE,,Mercer Island,WA,98040,King,1444185,Jackss
26263,2,Speedway,5208,2800 West Jackson Street,,Muncie,IN,47304-4302,Delaware,3258813,Speedway
25898,2,Speedway,3998,4189 State Route 306,,Willoughby,OH,44094-9269,Lake,3776545,SpeeNdwaVy
16004,24,Maverik,573,13970 S. Redwood Road,,Bluffdale,UT,84065,Salt Lake,4192868,MAWaverik
26296,2,Speedway,5340,800 Brook Forest Avenue,,Shorewood,IL,60404-8608,Will,3303443,pMedwaKy
26016,2,Speedway,4342,15020 Garrett Ave,,Apple Valley,MN,55124-5904,Dakota,4184905,Speedway
22796,30,Jacksons,81,2689 S. Federal Way,,Boise,ID,83705,Ada,2492668,acsoUn3s
26353,2,Speedway,5554,3437 Lafayette Road,,Indianapolis,IN,46222-1104,Marion,3303707,Se1dwa2y
24223,19,Kum & Go - Non IRI,391,4810 E Highland Dr,,Jonesboro,AR,72401,CRAIGHEAD,3170956,Kum P& Go 6H- 2Non OIURI
24836,38,Hucks,111,102 WEST 10TH STREET,,Metropolis,IL,62960,Massac,2380790,Hucks
26306,2,Speedway,5393,15 South Randall Road,,North Aurora,IL,60542-1585,Kane,56214,0Npeeway
23409,32,Ridleys,1165,4045 E Pony Express Pkwy,,Eagle Mountain,UT,84005,Utah,3635052,RidBlys
25482,2,Speedway,1174,4797 West Broad Street,,Columbus,OH,43228-1612,Franklin,2639282,Speewa
34339,39,Dollar General,11476,1801 AIRLINE DR STE B,,METAIRIE,LA,70001-5977,JEFFERSON,3321141,DPYoWllar 8General
27838,2,Speedway,9598,5 West Central Avenue,,Springboro,OH,45066-1137,Warren,2646732,Speedway
26312,2,Speedway,5409,5695 Rapid Run Road,,Cincinnati,OH,45238-4124,Hamilton,2748562,SpYeedwaWy
22665,30,Jacksons,26,330 W. 3rd St.,,Kuna,ID,83634,Ada,2741773,Jckons
24001,19,Kum & Go - Non IRI,608,1001 Sanborn Ave,,Okoboji,IA,51355,DICKINSON,2760403,Kum& o Non I
23875,19,Kum & Go - Non IRI,360,10025 South 168th Ave,,Omaha,NE,68136,SARPY,2775868,Kum & Go - Non IRI
26367,2,Speedway,6063,511 South Main Street,,Sheridan,IN,46069-1336,Hamilton,2914657,Seeway
26383,2,Speedway,6202,744 West 5Th Avenue,,Columbus,OH,43212-1435,Franklin,3305295,AS8peedway
25474,2,Speedway,1158,3612 Broadway,,Grove City,OH,43123-2239,Franklin,2637942,Speedway
23994,19,Kum & Go - Non IRI,570,5800 Northglenn Dr,,Johnston,IA,50131,POLK,3146740,Kum & Vo U- 6Zon I
34407,39,Dollar General,11538,2112 SW 13TH ST,,GAINESVILLE,FL,32608-1535,ALACHUA,3164027,DolWaN KGeeral
26304,2,Speedway,5387,5555 West 86Th Street,,Indianapolis,IN,46268-1506,Marion,2914688,USEpeedway
22603,30,Jacksons,118,1625 W. Franklin Rd.,,Meridian,ID,83642,Ada,2981374,JNaWcksons
22657,30,Jacksons,18,901 N. Virginia St.,,Reno,NV,89503,Washoe,2575226,Jacksons
26825,2,Speedway,7143,600 South Centerville Road,,Sturgis,MI,49091-3018,St Joseph,3296618,Speewa
25872,2,Speedway,3761,1404 West Washington Street,,Indianapolis,IN,46222-4538,Marion,2914643,4SpeedwGay
24904,38,Hucks,358,1415 ALTA RD,,PEORIA,IL,61615,,2864065,Huck5s
26833,2,Speedway,7156,617 Lovell Rd,,Knoxville,TN,37932-3148,Knox,3671565,Seedwy
15962,24,Maverik,525,13480 E. Mississippi Avenue,,Aurora,CO,80012,Arapahoe/Adams/Douglas Counties,4029743,Maverik
26332,2,Speedway,5500,461 Butternut Drive,,Holland,MI,49424-1503,Ottawa,3309571,Speedway
34443,39,Dollar General,11572,1303 LOCKHART HWY,,UNION,SC,29379-7622,UNION,3164075,Dollar General
26245,2,Speedway,5120,2340 East Wheeling Avenue,,Cambridge,OH,43725-2165,Guernsey,2762002,SApeedwLay
22800,30,Jacksons,82,402 N. 10th Ave.,,Caldwell,ID,83605,Canyon,2486772,Jcksns
24829,35,Yokes,7,810 South Main St.,,Deer Park,WA,99006,,2713814,YokDes
26865,2,Speedway,7384,8759 West 95Th Street,,Hickory Hills,IL,60457-1732,Cook,2915807,SIMpeday
34303,39,Dollar General,11441,804 N BROADWAY AVE,,STERLING,KS,67579-1540,RICE,3319763,Dollar General
22686,30,Jacksons,44,897 S. Cole Rd.,,Boise,ID,83709,Ada,2489055,Jasons
25825,2,Speedway,3615,5904 West Central Avenue,,Toledo,OH,43615-1802,Lucas,2601644,Speedway
34301,39,Dollar General,1144,324 W NORTH ST,,KENDALLVILLE,IN,46755-1004,NOBLE,3318572,DQ9ollar SG1eneral
15920,24,Maverik,478,1301 Navajo Blvd.,,Holbrook,AZ,86025,Navajo,3547423,MaeHrik
27324,2,Speedway,8227,206 North Main Street,,Kenansville,NC,28349-9067,Duplin,3942462,Speedway
24891,38,Hucks,320,568 East Pearl Street,,BATESVILLE,IN,47006,,3172935,HucVs
25454,2,Speedway,1032,5500 Airway Road,,Dayton,OH,45431-1505,Montgomery,2649086,Speedway
22807,30,Jacksons,88,2510 W. Fairview Ave.,,Boise,ID,83702,Ada,2492478,aksons
27836,2,Speedway,9595,520 Sycamore Street,,New Richmond,OH,45157-1148,Clermont,2647025,Speeda
22673,30,Jacksons,33,300 Lemmon Dr.,,Reno,NV,89506,Washoe,2566557,JJacKksn
26301,2,Speedway,5362,800 West Maple Street,,New Lenox,IL,60451-1639,Will,2775818,Speedway
26288,2,Speedway,5282,752 Trenton Avenue,,Findlay,OH,45840-2643,Hancock,3240516,Speeay
27857,2,Speedway,9621,2490 Nicholasville Road,,Lexington,KY,40503-3157,Fayette,2492432,Sp12eedway
25850,2,Speedway,3670,6601 Monroe Street,,Sylvania,OH,43560-1958,Lucas,2640212,Speedy
27774,2,Speedway,9403,2619 Sunset Boulevard,,Steubenville,OH,43952-1115,Jefferson,2640891,Speedway
24002,19,Kum & Go - Non IRI,611,501 N Minnesota Ave,,Sioux Falls,SD,57104,MINNEHAHA,2411332,Kum6 & Go - S7NAo0n XIRI
27801,2,Speedway,9538,513 South Mayo Trail,,Paintsville,KY,41240-1327,Johnson,3134100,Speedway
24099,19,Kum & Go - Non IRI,927,801 Castle Valley Blvd,,New Castle,CO,81647,GARFIELD,2450438,1KuM &Go  on1 IERI
24914,38,Hucks,377,3025 Olivet Church Rd,,Paducah,KY,42001,,3677767,uGcks
25995,2,Speedway,4293,2781 Milwaukee Road,,Beloit,WI,53511-3974,Rock,2708063,Sp4eedWway
34368,39,Dollar General,11501,601 RIDGEWOOD AVE,,DAYTONA BEACH,FL,32117-3617,VOLUSIA,3164539,Dollar General
22802,30,Jacksons,83,500 Campbell St.,,Baker City,OR,97814,Baker,2862158,CJacksoFns
26848,2,Speedway,7181,1550 Lincoln Road,,Allegan,MI,49010-8197,Allegan,3309576,Speedway
24125,19,Kum & Go - Non IRI,995,1600 E Eisenhower Blvd,,Loveland,CO,80537,LARIMER,3548992,KumY & oRS -1 Nn I
26342,2,Speedway,5519,3346 East Michigan Avenue,,Jackson,MI,49202-3854,Jackson,3309600,Spedwa
23999,19,Kum & Go - Non IRI,579,165 SW Magazine Rd,,Ankeny,IA,50023,POLK,3351421,Kum & Go - Non IRI
23879,19,Kum & Go - Non IRI,366,4443 S 84th St,,Omaha,NE,68127,DOUGLAS,3443403,Kum Go -o IR
25924,2,Speedway,4083,738 South Main Street,,Jefferson,WI,53549-1754,Jefferson,3296625,ZSeed6ay
24833,38,Hucks,103,232 W. NORTH AVE.,,FLORA,IL,62839,Clay,2485717,KHucks
27819,2,Speedway,9574,2857 River Road,,Cincinnati,OH,45204-1305,Hamilton,2647202,Spedwa
24934,38,Hucks,309,1830 E 9th St.,,Hopkinsville,KY,42240,,4255701,HuckCs
22813,30,Jacksons,93,7373 W. Franklin Rd.,,Boise,ID,83709,Ada,2495625,Jckson
34424,39,Dollar General,11554,5671 HIGHWAY 22 S,,MICHIE,TN,38357-7031,MCNAIRY,3322698,D1larL GenJera
24879,38,Hucks,298,322 E BROADWAY,,FORTVILLE,IN,46040,,2908626,Hucks
15938,24,Maverik,499,730 South Main St.,,Snowflake,AZ,85937,Navajo,102310,Maverik
25524,2,Speedway,1310,402 West Main Street,,Greensburg,IN,47240-1507,Decatur,2914639,Speday
24901,38,Hucks,353,501 N. HERSHEY RD.,,BLOOMINGTON,IL,61704,,2864054,Huks
25517,2,Speedway,1261,1529 Michigan Street,,Sidney,OH,45365-2450,Shelby,2648515,Speedway
24094,19,Kum & Go - Non IRI,919,317 E Main St,,Rangely,CO,81648,RIO BLANCO,2442498,um &Go  o IR
24016,19,Kum & Go - Non IRI,66,5308 University Ave,,West Des Moines,IA,50266,POLK,2494773,Kum & Go - Non IRI
24225,19,Kum & Go - Non IRI,397,3105 Stadium Blvd,,Jonesboro,AR,72404,CRAIGHEAD,3170959,Kum & Go - Non IRI
26376,2,Speedway,6131,5959 Southeastern Avenue,,Indianapolis,IN,46203-5610,Marion,2914720,SpeewBGa
34351,39,Dollar General,11487,603 W CARTHAGE ST,,MEADE,KS,67864-6505,MEADE,3319305,DlarGneral
15929,24,Maverik,488,14814 S. Minuteman Dr.,,Draper,UT,84020,Salt Lake,3950458,Maverik
34353,39,Dollar General,11489,1916 MT GALLANT ROAD,,ROCK HILL,SC,29732-9434,YORK,3257539,DMollar IGe50neral
22814,30,Jacksons,94,741 N. Milwaukee St.,,Boise,ID,83704,Ada,2488575,JFaBcksons
26384,2,Speedway,6207,1495 E Wilson St,,Batavia,IL,60510-2280,Kane,3955101,Speedway
25993,2,Speedway,4275,7860 East Broad Street,,Blacklick,OH,43004-8238,Franklin,2944326,Seedwa
23858,19,Kum & Go - Non IRI,292,1825 N Ankeny Blvd,,Ankeny,IA,50023,POLK,3098346,KumEI & Go3 - NoZELn IRI
23047,30,Jacksons,62,100 Caldwell Blvd.,,Nampa,ID,83651,Canyon,2870131,Jacksons
22817,30,Jacksons,97,3100 E. Magic View Dr.,,Meridian,ID,83642,Ada,2493139,Jcsons
27870,2,Speedway,9638,1113 West Eads Parkway,,Lawrenceburg,IN,47025-1163,Dearborn,2914726,pNeeXdwa
34404,39,Dollar General,11535,407 S OAK ST,,PEARSALL,TX,78061-3119,FRIO,3263082,ollrGenera
24818,35,Yokes,13,1410 W. 27th Ave.,,Kennewick,WA,99337,,2716174,Yokes
26368,2,Speedway,6065,1999 Conner Street,,Noblesville,IN,46060-3109,Hamilton,2914658,SpQeRedway
15710,24,Maverik,172,895 W. Bridge St.,,Blackfoot,ID,83221,Bingham,3100294,Maverik
25851,2,Speedway,3671,103 East Avenue,,Tallmadge,OH,44278-2310,Summit,2644559,SpeedwN0ay
25438,2,Speedway,1091,3901 North Dixie Drive,,Dayton,OH,45414-5238,Montgomery,2648869,Spee5dwa4y
34349,39,Dollar General,11485,3510 S OSAGE ST,,AMARILLO,TX,79118-6763,RANDALL,3257610,Dollar General
23898,19,Kum & Go - Non IRI,401,1701 W New Hope Rd,,Rogers,AR,72758,BENTON,3201527,KuGm& Go NIo 1WIRI
25508,2,Speedway,1219,799 Arlington Road,,Brookville,OH,45309-9728,Montgomery,2761831,Spe4eQda
23857,19,Kum & Go - Non IRI,29,2577 High Street,,Sarcoxie,MO,64862,JASPER,2878774,um  G on IRI
27384,2,Speedway,8395,288 East Huron Avenue,,Vassar,MI,48768-1315,Tuscola,138837,Speedway
27373,2,Speedway,8327,701 East Lake Street,,Addison,IL,60101-2827,Du Page,2896429,SpeDedw7ay
25449,2,Speedway,1017,64279 Wintergreen Rd,,Lore City,OH,43755-9704,Guernsey,3607078,SpePedwaEy
26253,2,Speedway,5172,1801 Broad Street,,New Castle,IN,47362-3926,Henry,3138836,SBpe6edway
24898,38,Hucks,343,884 NORTH ILLINOIS RTE 3,,WATERLOO,IL,62298,,4036590,HuIcks
34350,39,Dollar General,11486,220 E FORD ST,,VALLEY CENTER,KS,67147-4905,SEDGWICK,3318228,DoZa4rGenera7l
25483,2,Speedway,1180,4494 Kenny Road,,Columbus,OH,43220-4035,Franklin,2639083,SpeTIedway
15986,24,Maverik,553,605 W Haskell Street,,Winnemucca,NV,89445,Humboldt,3994364,Merik
15779,24,Maverik,289,951 w. Hwy 40,,Vernal,UT,84078,Uintah,3100154,Mavei
22661,30,Jacksons,21,2001 S. Virginia St.,,Reno,NV,89502,Washoe,2581025,UJack2sons
22663,30,Jacksons,23,8755 Red Rock Rd.,,Reno,NV,89508,Washoe,2589688,Jacksons
27901,2,Speedway,9685,5510 Bardstown Road,,Louisville,KY,40291-1910,Jefferson,2494877,Speed9wFay
24290,19,Kum & Go - Non IRI,968,2004 Dewer Dr,,Rock Springs,WY,82901,SWEETWATER,2760350,KumL 5G WJ- Nn IRI
23780,19,Kum & Go - Non IRI,117,300 18Th St.,,Spirit Lake,IA,51360,DICKINSON,2760205,5um F o U-Non8 IRI
15904,24,Maverik,457,404 Thain Road,,Lewiston,ID,83501,Nez Perce,3511818,Merik
34415,39,Dollar General,11545,8517 US HIGHWAY 68 E,,BENTON,KY,42025-8131,MARSHALL,3323089,Dollar General
24839,38,Hucks,133,101 NORTH ELM STREET,,Bardwell,KY,42023,Carlisle,3384320,3ucks
27772,2,Speedway,9401,175 West State Street,,Salem,OH,44460-2753,Columbiana,2645231,Speedy
24072,19,Kum & Go - Non IRI,874,10010 S Riverside Pkwy,,Tulsa,OK,74137,TULSA,2866130,Kum  o - oRI
26336,2,Speedway,5509,3340 Owen Road,,Fenton,MI,48430-1759,Genesee,2536420,peeday
24200,19,Kum & Go - Non IRI,138,1501 West Main St,,Jacksonville,AR,72076,PULASKI,4241061,Kum & Go - Non IRI
27890,2,Speedway,9667,716 North Broadway,,Lexington,KY,40508-1402,Fayette,2488443,Speway
26358,2,Speedway,6010,2700 North Walnut Street,,Bloomington,IN,47404-2022,Monroe,2914673,Speedw
24313,28,Petro Mart,3,14024 Olive St Rd,,Chesterfield,MO,63017,Saint Louis,2548144,Petro Mart
24357,29,Midwest Petroleum,1021,12451 N Hwy 51,,Perryville,MO,63775,,3027871,idwestetolum
25509,2,Speedway,1220,7690 Burlington Pike,,Florence,KY,41042-1554,Boone,2495745,Spedwy
24026,19,Kum & Go - Non IRI,684,2422 Research Parkway,,Colorado Springs,CO,80920,EL PASO,4007024,m &Go- on RI
22627,30,Jacksons,140,3010 E. Goldstone Dr.,,Meridian,ID,83642,Ada,3097005,Ja1cksoVns
34320,39,Dollar General,11457,511 N GLENWOOD AVE,,DALTON,GA,30721-2814,WHITFIELD,3319106,Dollar General
15783,24,Maverik,293,500 E. Valley Rd.,,Torrington,WY,82240,Goshen,2704571,9MUaverik
22786,30,Jacksons,80,10850 S. Virginia St.,,Reno,NV,89511,Washoe,2590248,Jacksons
25827,2,Speedway,3619,800 Bellefontaine Avenue,,Marion,OH,43302-6106,Marion,2639674,Spe8dKwy
27396,2,Speedway,8502,3730 Speedway Drive,,Findlay,OH,45840-7245,Hancock,2603267,Speed2w0ay
25929,2,Speedway,4102,3120 Sugarloaf Parkway,,Lawrenceville,GA,30045-7832,Gwinnett,4055219,SBCpeedway
24192,19,Kum & Go - Non IRI,970,312 S 1st St,,Saratoga,WY,82331,CARBON,2760219,KuBm N2& GYo I- N5on IRI
26862,2,Speedway,7346,1811 Indianapolis Road,,Crawfordsville,IN,47933-3134,Montgomery,3180555,Spedwa
27843,2,Speedway,9603,1222 Lexington Avenue,,Ashland,KY,41101-2614,Boyd,2490053,Speedway
25377,2,Speedway,2943,2075 W. Ruthrauff Rd.,,Tucson,AZ,85705-0000,Pima,4285096,SpeeIdw5ay
26379,2,Speedway,6143,8010 South Emerson Avenue,,Indianapolis,IN,46237-9364,Marion,2914718,Speedway
24100,19,Kum & Go - Non IRI,928,80 Anglers Dr,,Steamboat Springs,CO,80477,ROUTT,3730786,Kum &  -NonI
22664,30,Jacksons,25,5985 Glenwood St.,,Garden City,ID,83714,Ada,2495080,JackKNon
26292,2,Speedway,5298,1894 West Main Street,,Troy,OH,45373-2304,Miami,2648567,SpeWeUdway
27806,2,Speedway,9554,9416 Shelbyville Road,,Louisville,KY,40222-5116,Jefferson,2496248,Speedy
15984,24,Maverik,551,555 Northside Blvd.,,Nampa,ID,83687,Canyon,3990435,Maverik
15777,24,Maverik,287,2211 North Franklin Blvd.,,Nampa,ID,83687,Canyon,2741768,Maver3k
26359,2,Speedway,6022,1019 Indianapolis Road,,Greencastle,IN,46135-2407,Putnam,2914728,RSpeedwaAy
25949,2,Speedway,4166,6000 Portland Ave,,Minneapolis,MN,55417-3130,Hennepin,2765420,Dp1edway
26014,2,Speedway,4340,3235 White Bear Ave,,White Bear Lake,MN,55110-5402,Ramsey,4184816,SpeJedNway
15726,24,Maverik,205,2710 Main St.,,Boise,ID,83702,Ada,2741759,averk
15864,24,Maverik,409,1451 College Parkway,,Carson City,NV,89706,Carson City,3173061,MaPverk
23420,32,Ridleys,8447,310 Oneida St,,Rupert,ID,83350,Minidoka,2775255,Ridleys
22753,30,Jacksons,625,1605 NW Gilman Blvd.,,Issaquah,WA,98027,King,1444164,Jacksons
22712,30,Jacksons,523,515 NE 82nd Ave.,,Portland,OR,97220,Multnomah,191887,JLacksoAns
24279,19,Kum & Go - Non IRI,954,1455 S McKinley St,,Casper,WY,82601,NATRONA,3375309,u& Go  on II
27840,2,Speedway,9600,39 South Maple Street,,Winchester,KY,40391-1901,Clark,2483677,Seedwa
34379,39,Dollar General,11511,951 BAYOU RD,,SAINT BERNARD,LA,70085-7103,SAINT BERNARD,3320085,oUPllar GnUera
27899,2,Speedway,9678,3030 Taylor Boulevard,,Louisville,KY,40208-1157,Jefferson,2493092,Speedw
26854,2,Speedway,7220,19880 Crawford Avenue,,Matteson,IL,60443-1212,Cook,2775298,SpeeMdwEay
15871,24,Maverik,416,850 West Williams Ave,,Fallon,NV,89406,Churchill,3173060,Maverik
26280,2,Speedway,5263,2001 Tiffin Avenue,,Findlay,OH,45840-9502,Hancock,2650030,SpeedWwaFy
24103,19,Kum & Go - Non IRI,933,115 Knobcone Dr,,Loveland,CO,80538,LARIMER,3150278,KmM X&Go - oBn PII
26311,2,Speedway,5405,461 Oxford State Road,,Middletown,OH,45044-7470,Butler,2602670,Spedwy
24819,35,Yokes,14,1401 Bombing Range Rd,,West Richland,WA,99353,,2757514,Ookes
26250,2,Speedway,5157,910 West Lincoln Avenue,,Goshen,IN,46526-2422,Elkhart,2914717,Speedway
23402,32,Ridleys,1151,74 S 100 E,,Tremonton,UT,84337,Box Elder,3053437,Ridleys
24362,29,Midwest Petroleum,1032,7406 West Main St.,,Belleville,IL,62223,,2382636,Midwest Petroleum
22702,30,Jacksons,514,2355 NW Town Center Dr.,,Beaverton,OR,97006,Washington,2984012,Jacksn
27865,2,Speedway,9631,595 West Plane Street,,Bethel,OH,45106-1313,Clermont,2876084,SBpeedwa0y
34333,39,Dollar General,11470,2415 69TH ST STE B,,GALVESTON,TX,77551,GALVESTON,3997287,Dolar Gnea
25535,2,Speedway,1404,131 London Road,,Delaware,OH,43015-2586,Delaware,2637246,Speedway
16039,24,Maverik,623,19 N MAIN STREET,,GUNNISON,UT,84634,,4303761,Maverik
27813,2,Speedway,9562,1126 Forest Avenue,,Maysville,KY,41056-1500,Mason,2489798,Spee4dMway
25442,2,Speedway,1134,120 Vienna Avenue,,Niles,OH,44446-2624,Trumbull,2645189,SWKpeedw
34334,39,Dollar General,11471,385 TEXAS AVE,,BRIDGE CITY,TX,77611-4240,ORANGE,3263051,DDolQ2lar G2eneral
27412,2,Speedway,8584,333 West Main Street,,Xenia,OH,45385-2807,Greene,2648619,Speedway
24032,19,Kum & Go - Non IRI,700,5552 N 21st St,,Ozark,MO,65721,CHRISTIAN,4074250,K6u6m  9Go - o 5II
24333,28,Petro Mart,66,14201 Olive Street Rd,,Chesterfield,MO,63017,Saint Louis,2548227,Petro Mart
24018,19,Kum & Go - Non IRI,665,1206 Interquest Pkwy,,Colorado Springs,CO,80921,EL PASO,3500011,Kuo - on IRI
34386,39,Dollar General,11519,1811 S NEW HOPE RD,,GASTONIA,NC,28054-6511,GASTON,3321168,D2oUYllar KGeneral
25440,2,Speedway,1129,364 East Main Street,,Newark,OH,43055-6597,Licking,2637599,Speedway
24841,38,Hucks,135,1515 WASHINGTON AVE,,VINCENNES,IN,47591,Knox,3149884,Hucs
26884,2,Speedway,7434,5959 75Th Street,,Kenosha,WI,53142-3630,Kenosha,2701075,SPpee4dway
25981,2,Speedway,4216,7630 33Rd St. N.,,Oakdale,MN,55128-2659,Washington,4185010,S2pVedwa
27378,2,Speedway,8386,8333 North Saginaw Road,,Mount Morris,MI,48458-1617,Genesee,2544756,eedway
24202,19,Kum & Go - Non IRI,158,2050 Dave Ward Dr.,,Conway,AR,72034,FAULKNER,3581144,Ku& Go -  II
24077,19,Kum & Go - Non IRI,879,8001 S Garnett Rd,,Broken Arrow,OK,74012,TULSA,2900290,Kum &- Nn II
15897,24,Maverik,448,3520 Keene Road,,Richland,WA,99352,Benton,3373577,Mavri
22771,30,Jacksons,646,10716 Pacific Ave. S,,Tacoma,WA,98444,Pierce,3144648,akVsoJns
34317,39,Dollar General,11454,3275 SUTHERLAND AVE,,KNOXVILLE,TN,37919-4543,KNOX,3322031,DolrGneral
23986,19,Kum & Go - Non IRI,558,959 S Glenstone Ave,,Springfield,MO,65802,GREENE,3027849,Kum&R   XNon IVHRI
24873,38,Hucks,287,204 N. 22ND STREET,,DECATUR,IL,62521,,2380768,QHucks
26891,2,Speedway,7496,2310 Midland Road,,Saginaw,MI,48603-3442,Saginaw,2532915,Sp9eQway
25456,2,Speedway,1035,1840 South Limestone Street,,Springfield,OH,45505-4016,Clark,2649341,Speway
15996,24,Maverik,564,480 South Meadows Pkwy,,Reno,NV,89521,Washoe,4046408,Maverik
25849,2,Speedway,3667,5902 Milan Road,,Sandusky,OH,44870-5866,Erie,2646043,SpWe3dwa
25823,2,Speedway,3613,5010 Secor Road,,Toledo,OH,43623-2319,Lucas,2640446,SpGeedwCay
34384,39,Dollar General,11517,6555 HIGHWAY 411 S,,GREENBACK,TN,37742-2160,LOUDON,3322841,SDlar G25enral
26366,2,Speedway,6060,2875 East Market Street,,Logansport,IN,46947-2070,Cass,2914671,peKeMday
15970,24,Maverik,537,1290 S. Wallace Road,,Salt Lake City,UT,84104,Salt Lake,3983845,Maver
16010,24,Maverik,579,21800 E Quincy Avenue,,Aurora,CO,80015,Arapahoe/Adams/Douglas Counties,4046415,Mveri
24111,19,Kum & Go - Non IRI,948,55 Lusher Ct,,Frisco,CO,80443,SUMMIT,4204893,um & 5G -V o USIRI
24311,28,Petro Mart,24,2401 Hwy 109,,Wildwood,MO,63040,Saint Louis,3567717,Petro M56arGt
27773,2,Speedway,9402,2997 Liberty Road,,Lexington,KY,40509-4338,Fayette,2493164,SQpeeXdway
22615,30,Jacksons,13,1320 SW. 4th Ave.,,Ontario,OR,97914,Malheur,2873133,Jacksons
26829,2,Speedway,7152,2245 Hickory Valley Road,,Chattanooga,TN,37421-2443,Hamilton,3686349,Speedway
25464,2,Speedway,1086,5387 North Bend Road,,Cincinnati,OH,45247-7601,Hamilton,2648173,SpQMeedway
24912,38,Hucks,374,2245 Ragu Drive,,OWENSBORO,KY,42303,,3252852,Hucks
15901,24,Maverik,453,775 South Broad Street,,Battle Mountain,NV,89820,Lander,3425439,Maverik
23944,19,Kum & Go - Non IRI,483,2404 E Sunshine St,,Springfield,MO,65804,GREENE,2533256,KEum3 L& Go -3 No1n KIRI
26315,2,Speedway,5416,8352 Beechmont Avenue,,Cincinnati,OH,45255-3146,Hamilton,2648253,SeewXaEy
26830,2,Speedway,7153,213 West Main Street,,Knightstown,IN,46148-1259,Henry,2914632,SRp6eeda
25487,2,Speedway,1189,247 West Main Street,,Hillsboro,OH,45133-1349,Highland,2914684,SpeedX7way
22778,30,Jacksons,67,1527 Pocatello Creek Rd.,,Pocatello,ID,83201,Bannock,2861325,JSacEksons
27428,2,Speedway,8657,1974 Nc Hwy 172,,Sneads Ferry,NC,28460-9611,Onslow,3943177,Speedway
26286,2,Speedway,5274,4232 Cemetery Road,,Hilliard,OH,43026-1201,Franklin,2637370,Speedway
16000,24,Maverik,568,385 E Warm Springs Road,,Las Vegas,NV,89119,Clark,4192900,TMavXerik
23979,19,Kum & Go - Non IRI,540,3105 Grand Prairie Parkway,,Waukee,IA,50263,DALLAS,3976933,OKum Q&Go - No1 8I
24846,38,Hucks,175,601 CHARLESTON AVE,,MATTOON,IL,61938,,2380767,HuMck
15846,24,Maverik,384,825 East Main street,,Grantsville,UT,84029,Tooele,3100288,Maverik
16003,24,Maverik,571,525 E North Street,,Rapid City,SD,57701,Pennington,4029747,avrik
25466,2,Speedway,1140,502 Conant Street,,Maumee,OH,43537-3362,Lucas,2640144,Speedway
15995,24,Maverik,563,57 E. Franklin Road,,Meridian,ID,83642,Ada,4029752,PMYaverik
24848,38,Hucks,186,701 W. CLEVELAND AVE.,,HEYWORTH,IL,61745,,2864055,ucks
27853,2,Speedway,9615,504 Highland Avenue,,Carrollton,KY,41008-1019,Carroll,2487391,Sp8eEedway
26247,2,Speedway,5128,3860 South High Street,,Columbus,OH,43207-4012,Franklin,2638594,Ppeed6wy
27825,2,Speedway,9580,472 West Main Street,,Danville,KY,40422-1847,Boyle,3210575,p1e7eday
26351,2,Speedway,5546,1530 East Tipton Street,,Seymour,IN,47274-3558,Jackson,2914725,SpWeed5way
27871,2,Speedway,9639,1533 Midland Trail,,Shelbyville,KY,40065-1634,Shelby,2490814,Spedwa
24113,19,Kum & Go - Non IRI,95,1203 Guthrie St,,De Soto,IA,50069,DALLAS,2489196,um Go - onII
34376,39,Dollar General,11509,14829 DIXIE HWY,,HARVEY,IL,60426-1430,COOK,3323468,Doll5arX6 GenerOal
25937,2,Speedway,4120,521 South Grand Avenue,,Waukesha,WI,53186-6121,Waukesha,3034242,Sedway
26246,2,Speedway,5123,6312 East Main Street,,Reynoldsburg,OH,43068-2399,Franklin,2637716,Speedway
26049,2,Speedway,4462,8667 South Howell Avenue,,Oak Creek,WI,53154-2919,Milwaukee,3253474,Speed6Zway
24321,28,Petro Mart,42,1004 N Stadium,,Columbia,MO,65203,Boone,2892532,Petr ar
25531,2,Speedway,1400,9780 Olde 8 Road,,Northfield,OH,44067-1422,Summit,2602101,FSpeeCay
26887,2,Speedway,7461,12700 South Pulaski Road,,Alsip,IL,60803-1915,Cook,3220892,SpeEdAwa
15985,24,Maverik,552,1624 Haines Avenue,,Rapid City,SD,57701,Pennington,4046412,M6aveik
34307,39,Dollar General,11445,15 PINE HOUSE RD,,TRENTON,SC,29847-2011,EDGEFIELD,3257293,9DollSar GVenerMal
22782,30,Jacksons,72,705 Main St.,,Ashton,ID,83420,Fremont,2899854,Jaksns
22736,30,Jacksons,562,1715 NE 33rd Ave,,Portland,OR,97212,Multnomah,193376,Jakson
26885,2,Speedway,7458,1085 Joliet Street,,Dyer,IN,46311-1924,Lake,3267331,Speedway
34435,39,Dollar General,11565,2649 E 79TH ST,,CHICAGO,IL,60649-5227,COOK,3321747,DllarGener
25533,2,Speedway,1402,225 Lancaster Pike,,Circleville,OH,43113-1506,Pickaway,2637901,SpeeKdZway
25528,2,Speedway,1326,6198 Allisonville Road,,Indianapolis,IN,46220-4608,Marion,3102851,Speedw
25479,2,Speedway,1168,900 North Court Street,,Medina,OH,44256-1516,Medina,2644451,S1peDedway
27885,2,Speedway,9657,851 South Dixie Boulevard,,Radcliff,KY,40160-1232,Hardin,3309556,Speway
34335,39,Dollar General,11472,2602 DOWLEN RD,,BEAUMONT,TX,77706-2543,JEFFERSON,3262927,Dollar General
22726,30,Jacksons,541,4292 Liberty Rd. S.,,Salem,OR,97302,Marion,194749,Jacksons
24017,19,Kum & Go - Non IRI,663,5771 N Carefree Cir,,Colorado Springs,CO,80917,EL PASO,3514110,Kum & Go -DDNNoDIR
23863,19,Kum & Go - Non IRI,305,3033 8th Avenue,,Evans,CO,80620,WELD,4007684,KB & GoK - NnZ RWI
26289,2,Speedway,5284,799 North Wilson Road,,Columbus,OH,43204-1418,Franklin,2638388,SpHeNedway
24203,19,Kum & Go - Non IRI,159,4095 Prince St.,,Conway,AR,72034,FAULKNER,3654892,KumYE & GGoS - NZon IRNI
24347,28,Petro Mart,27,40 Wentzville Pkwy,,Wentzville,MO,63385,Saint Charles,4045347,PetroP4 MarUt
24289,19,Kum & Go - Non IRI,967,1806 Elk St,,Rock Springs,WY,82901,SWEETWATER,3304854,Kum & Go - Non IRI
25969,2,Speedway,4195,5490 South 76th Street,,Greendale,WI,53129-1129,Milwaukee,3309815,peGed6wy
24372,29,Midwest Petroleum,1043,1100 N. Bishop Ave.,,Rolla,MO,65401,,3980150,MidwEest0A Petro0Kleum
23900,19,Kum & Go - Non IRI,4020,1910 SW White Birch Cir,,Ankeny,IA,50023,POLK,2856348,Kum & CGo B-AN Non8 IROI
34331,39,Dollar General,11469,705 E MAIN ST,,FLORENCE,TX,76527-4478,WILLIAMSON,3263283,Do4lr GNenraSl
24288,19,Kum & Go - Non IRI,964,569 N 3rd St,,Laramie,WY,82072,ALBANY,3375315,Kum & GoA - N4oEWn1 I3RI
22683,30,Jacksons,3740,11700 NE 160TH ST,,Bothell,WA,98011,King,2710122,Jacksons
24049,19,Kum & Go - Non IRI,838,1000 E Kenosha St,,Broken Arrow,OK,74012,TULSA,2760295,KumU & EGoR -K 0N7on IRI
26835,2,Speedway,7159,1065 Deep Springs Rd,,Dandridge,TN,37725-5636,Jefferson,3671566,Speedway
16024,24,Maverik,600,784 West Wickenburg Way,,Wickenburg,AZ,85390,Maricopa,4177257,MveMrik
25837,2,Speedway,3635,3903 Mogadore Road,,Mogadore,OH,44260-1236,Summit,2762331,pedway
27851,2,Speedway,9612,1101 Bardstown Road,,Louisville,KY,40204-1301,Jefferson,2489646,Speedy
34364,39,Dollar General,11499,8720 GULF BEACH HWY,,PENSACOLA,FL,32507-2543,ESCAMBIA,3127833,Dollar General
25832,2,Speedway,3626,6303 Westside Saginaw Rd,,Bay City,MI,48706-9391,Bay,3269389,SpWeeXdway
15903,24,Maverik,456,10490 Bermuda Rd.,,Las Vegas,NV,89183,Clark,3496636,MIverik
24391,29,Midwest Petroleum,1078,1000 E 5Th St,,Washington,MO,63090,,2778969,MidwtProleum
26329,2,Speedway,5496,27349 Joy Road,,Dearborn Heights,MI,48127-1022,Wayne,3309633,Speedw8a3y
26352,2,Speedway,5550,1902 Monmouth Street,,Newport,KY,41071-2639,Campbell,2491544,Speedway
24074,19,Kum & Go - Non IRI,876,14505 E 86th St N,,Owasso,OK,74055,TULSA,3104664,K9um0 4& GOo - NoRn I4RI
23853,19,Kum & Go - Non IRI,2731,3104 University Ave,,Des Moines,IA,50311,POLK,2493154,KumD6 & GoZ L- NonXT IRI
23896,19,Kum & Go - Non IRI,4,2091 E Main St,,Lamoni,IA,50140,DECATUR,2760354,KuAXm & CKKGo - XNon IRI
24050,19,Kum & Go - Non IRI,839,2100 W New Orleans St,,Broken Arrow,OK,74011,TULSA,2651513,Kum & Go - Non IRI
15931,24,Maverik,490,22910 E. Arapahoe Road,,Aurora,CO,80016,Adams,4220516,MaLveik
27879,2,Speedway,9650,611 Maysville Road,,Mount Sterling,KY,40353-9767,Montgomery,2487959,peedwa
22735,30,Jacksons,56,66 E. State Ave.,,Meridian,ID,83642,Ada,2483771,JOcksUos
25469,2,Speedway,1152,264 West High Avenue,,New Philadelphia,OH,44663-2154,Tuscarawas,2761583,S5eewaTy
24040,19,Kum & Go - Non IRI,779,3807 Miller Street,,Bethany,MO,64424,HARRISON,2760386,Ku85m & AGo2 - NXZon IRI
24217,19,Kum & Go - Non IRI,385,2720 Alma Hwy,,Van Buren,AR,72956,CRAWFORD,3375304,Kum & Go - Non IRI
26381,2,Speedway,6152,524 East Chicago Street,,Coldwater,MI,49036-2042,Branch,2914663,pedwa7Yy
22675,30,Jacksons,35,522 W. Cherry Ln.,,Meridian,ID,83642,Ada,2487589,JacksXonXs
24830,35,Yokes,8,12825 W. Sunset Hwy,,Airway Heights,WA,99001,,3311240,Yokes
25905,2,Speedway,4029,3708 60Th Street,,Kenosha,WI,53144-6925,Kenosha,3309808,peedwa
24121,19,Kum & Go - Non IRI,986,3305 Chandler Rd,,Muskogee,OK,74403,MUSKOGEE,2651872,9Ku0m &D Go - NKMoAn IRI
27903,2,Speedway,9688,1525 West Alexis Road,,Toledo,OH,43612-4046,Lucas,2601537,pedwW5ay
26219,2,Speedway,5005,3210 North Wheeling Avenue,,Muncie,IN,47303-1656,Delaware,3180549,SpeedN0way
27375,2,Speedway,8339,1511 Warren Road,,Lakewood,OH,44107-3919,Cuyahoga,2642601,Speedway
26882,2,Speedway,7427,7201 183rd Street,,Tinley Park,IL,60477-6201,Will,3296619,Spedwy
27377,2,Speedway,8345,4830 North Hamilton Road,,Columbus,OH,43230-1756,Franklin,2639448,peewaM1y
24875,38,Hucks,290,1521 HART STREET,,VINCENNES,IN,47591,,2908623,Hucks
15924,24,Maverik,482,2902 D Road,,Grand Junction,CO,81504,Mesa,4004535,M7aSverik
27830,2,Speedway,9586,48 W Maple Street,,Salyersville,KY,41465-9560,Magoffin,2497937,Speedway
15812,24,Maverik,342,14 N. Sandhill Blvd,,Mesquite,NV,89027,Clark,2557272,MZav3erik
23982,19,Kum & Go - Non IRI,550,3264 E Battlefield St,,Springfield,MO,65804,GREENE,3006192,KXum F&N Go - FPNon IRCI
22728,30,Jacksons,544,2690 River Rd.,,Eugene,OR,97404,Lane,194108,ackson
22588,30,Jacksons,100,1779 E. Idaho Ave.,,Ontario,OR,97914,Malheur,2873143,acksns
15896,24,Maverik,447,4206 E Day Mt Spokane Rd,,Mead,WA,99021,Spokane,3355468,MvXerik
24884,38,Hucks,304,812 West Main Street,,PAOLI,IN,47454,,2908619,HucAs
25491,2,Speedway,1193,4240 Morse Road,,Columbus,OH,43230-1444,Franklin,2639444,Speewy
23912,19,Kum & Go - Non IRI,416,800 SE J ST,,Bentonville,AR,72712,BENTON,3616042,umU &Go - NVnDIRRI
27839,2,Speedway,9599,900 South South Street,,Wilmington,OH,45177-2922,Clinton,2647080,SpEeda1y
27826,2,Speedway,9581,124 East Galbraith Road,,Cincinnati,OH,45216-1304,Hamilton,2647475,Sedway
16036,24,Maverik,615,1515 E Fairview Ave,,Meridian,ID,83642,Ada,4285016,MaveSrDik
15914,24,Maverik,470,12127 West Franklin Rd.,,Boise,ID,83709,Ada,3617136,Mverk
27391,2,Speedway,8405,3245 Owen Road,,Fenton,MI,48430-1755,Genesee,2536156,SpNeedwCay
23424,32,Ridleys,1137,210 Crest Wood Dr,,Gypsum,CO,81637,Eagle,3938376,dleys
23421,32,Ridleys,8448,1403 N Meridian Rd,,Kuna,ID,83634,Ada,3629234,0Ridlys
34329,39,Dollar General,11467,805 MAIN ST,,HACKBERRY,LA,70645-3505,CAMERON,3319769,DoPlKlar FGeneraIl
24221,19,Kum & Go - Non IRI,389,2028 N Church St,,Jonesboro,AR,72401,CRAIGHEAD,3170954,Kum &G -on I
27335,2,Speedway,8256,1480 West Lexington Avenue,,Winchester,KY,40391-1170,Clark,2490612,XSpeIeay
25496,2,Speedway,1200,1970 Cleveland Road,,Wooster,OH,44691-2237,Wayne,2779223,Speedway
26841,2,Speedway,7167,1330 E 3Rd St,,Chattanooga,TN,37404-3006,Hamilton,3942179,Speedway
34309,39,Dollar General,11447,2990 W 13TH ST N,,WICHITA,KS,67203-6617,SEDGWICK,3321898,Dollar General
15878,24,Maverik,423,425 South Redwood Road,,Salt Lake City,UT,84104,Salt Lake,3426248,MavSerXik
26269,2,Speedway,5235,635 East Weber Road,,Columbus,OH,43211-1040,Franklin,2638669,SeedaRQy
26350,2,Speedway,5544,1225 West McClain Avenue,,Scottsburg,IN,47170-1162,Scott,3309752,Speedw
16012,24,Maverik,583,1606 Glendale Ave.,,Sparks,NV,89431,Wsahoe,4216243,Maverik
24117,19,Kum & Go - Non IRI,975,1319 Miner St,,Idaho Springs,CO,80452,CLEAR CREEK,3267941,um Go - TNo3n2T II
26363,2,Speedway,6043,3300 North Granville Avenue,,Muncie,IN,47303-1224,Delaware,3208979,Speeay
24076,19,Kum & Go - Non IRI,878,1890 N Perkins Rd,,Stillwater,OK,74075,PAYNE,3035052,JumJ F& o -0 Non R
25532,2,Speedway,1401,4305 West Sylvania Avenue,,Toledo,OH,43623-3425,Lucas,2601709,Speewy
23874,19,Kum & Go - Non IRI,352,1010 S 154th St,,Omaha,NE,68154,DOUGLAS,2760301,Kum & GoE K- NonG 2VI7RI
26233,2,Speedway,5074,1143 State Route 131,,Milford,OH,45150-2717,Clermont,3483633,Speedy
27433,2,Speedway,8662,4901 Nc Highway 58 N,,Wilson,NC,27896-7934,Wilson,3942491,JpeedaAy
27882,2,Speedway,9654,1350 Sweitzer Street,,Greenville,OH,45331-1028,Darke,2761834,USeLdway
24115,19,Kum & Go - Non IRI,966,1115 N Higley Blvd,,Rawlins,WY,82301,CARBON,2760204,Kum &6 GoX - NoMnGDX IRI
27414,2,Speedway,8594,6700 Sylvania Avenue,,Sylvania,OH,43560-3519,Lucas,2915814,Speeda
22692,30,Jacksons,502,8515 NE Andresen Rd.,,Vancouver,WA,98665,Clark,2984112,Jacksons
26303,2,Speedway,5380,301 West Maple Street,,New Lenox,IL,60451-1633,Will,2775817,Speedw
15867,24,Maverik,412,245 Riverboat Road,,Dayton,NV,89403,Lyon,3173062,MaverTiQk
15770,24,Maverik,271,622 N. 3rd St.,,McCall,ID,83638,Valley,2741766,Mvrik
15851,24,Maverik,389,135 East Main Street,,Lander,WY,82520,Fremont,3100297,Maverik
24832,38,Hucks,101,522 N. COURT ST.,,GRAYVILLE,IL,62844,White ,4554569,ucks
25529,2,Speedway,1327,3021 East 3Rd Street,,Bloomington,IN,47401-5436,Monroe,2914641,USpeeZdway
25820,2,Speedway,3609,631 North Cable Road,,Lima,OH,45805-1735,Allen,2649855,SpeBOedy
26378,2,Speedway,6141,5508 Madison Avenue,,Indianapolis,IN,46227-4669,Marion,2914690,SQp0eedway
26240,2,Speedway,5105,722 East Main Street,,Lebanon,OH,45036-1918,Warren,2646524,Speedway
25853,2,Speedway,3673,3021 South Arlington Road,,Akron,OH,44312-5211,Summit,2644836,Speedway
22803,30,Jacksons,85,612 Northside Blvd.,,Nampa,ID,83687,Canyon,2487970,Jacksons
16001,24,Maverik,569,1391 N McCarran Blvd.,,Reno,NV,89512,Washoe,4029745,Maverik
22626,30,Jacksons,14,2323 N. Bogus Basin Rd.,,Boise,ID,83702,Ada,2492242,acksns
24220,19,Kum & Go - Non IRI,388,801 N Holman St,,Brookland,AR,72417,CRAIGHEAD,3170953,KBum &7 Go NFG IRI
22698,30,Jacksons,509,20800 NE Sandy Blvd.,,Fairview,OR,97024,Multnomah,2984153,Jacksons
15997,24,Maverik,565,7353 West Victory Road,,Boise,ID,83709,Ada,4097778,MaveSri
24287,19,Kum & Go - Non IRI,961,310 Skyline Dr,,Gillette,WY,82718,CAMPBELL,3295420,K &  - Non R
34402,39,Dollar General,11533,107 S US HIGHWAY 1,,OAK HILL,FL,32759-9646,VOLUSIA,3164538,Dollar General
26310,2,Speedway,5404,30805 Detroit Road,,Westlake,OH,44145-1741,Cuyahoga,2644005,7SpTeedy
27808,2,Speedway,9557,353 East Main Street,,Morehead,KY,40351-1671,Rowan,2486590,XSpeed2way
22655,30,Jacksons,167,750 N. Ten Mile Rd.,,Meridian,ID,83642,Ada,4051272,JaDcQksons
26355,2,Speedway,5562,422 Clifty Drive,,Madison,IN,47250-1664,Jefferson,3258752,SQpeFedway
34366,39,Dollar General,1150,432 SOUTHWIND PLZ,,MOUNT VERNON,IN,47620-2209,POSEY,3318925,Dla Genera
23897,19,Kum & Go - Non IRI,400,4231 Elm Springs Rd,,Springdale,AR,72762,WASHINGTON,3201526,Kum & Go - Non IRI
23865,19,Kum & Go - Non IRI,316,2999 Bonanza Dr,,Erie,CO,80516,BOULDER,3738044,Km & o  N II
22785,30,Jacksons,79,2002 Broadway Ave.,,Boise,ID,83706,Ada,2491727,UJGacksons
27847,2,Speedway,9608,1095 Eaton Avenue,,Hamilton,OH,45013-4681,Butler,2646418,ISpeedwSay
34294,39,Dollar General,11431,3868 LADSON RD,,SUMMERVILLE,SC,29485,DORCHESTER,3322247,DollaOr GZenerVa4l
22755,30,Jacksons,6266,13106 NE 175TH ST,,Woodinville,WA,98072,King,2710133,MJcIkons
25536,2,Speedway,1405,1721 West State Street,,Fremont,OH,43420-1633,Sandusky,2639866,0SeLdway
26880,2,Speedway,7421,2420 Plainfield Road,,Crest Hill,IL,60403-1454,Will,3102676,Speedway
26335,2,Speedway,5508,21070 Haggerty Road,,Novi,MI,48375-5382,Oakland,3309644,6SpedJay
22590,30,Jacksons,107,1110 Lancaster Dr.,,Salem,OR,97317,Marion,2861329,JaQcksoYns
34369,39,Dollar General,11502,2495 FORESTBROOK RD,,MYRTLE BEACH,SC,29588-7936,HORRY,3257574,MDlar KGenQerl
26285,2,Speedway,5269,1922 West Laskey Road,,Toledo,OH,43613-3528,Lucas,2640371,SpeeIdwa5y
22711,30,Jacksons,522,5820 NE Glisan St.,,Portland,OR,97213,Multnomah,3208869,Jacsns
25939,2,Speedway,4129,3869 South 84Th Street,,Milwaukee,WI,53228-1705,Milwaukee,3309827,SWpeXedway
24119,19,Kum & Go - Non IRI,981,510 S Main St,,Bristow,OK,74010,CREEK,2760244,Ku &o- on IR
26299,2,Speedway,5348,7819 Us Highway 42,,Florence,KY,41042-1803,Boone,2495800,5S3peedway
24877,38,Hucks,293,515 W MAIN ST,,GREENTOWN,IN,46936,,3149886,Huks
25527,2,Speedway,1323,1291 North Madison Avenue,,Greenwood,IN,46142-4305,Johnson,2914685,DUSpedwy
22652,30,Jacksons,163,295 Sparks Blvd,,Sparks,NV,89434,Washoe,2566500,cksons
26223,2,Speedway,5015,2601 South Lynhurst Drive,,Indianapolis,IN,46241-5173,Marion,2769341,Speedway
22749,30,Jacksons,612,17914 Hwy 9 SE,,Snohomish,WA,98296,Snohomish,1444252,Jacksons
24021,19,Kum & Go - Non IRI,670,8050 Fountain Mesa Rd,,Fountain,CO,80817,EL PASO,3517210,Kum & Go - Non IRI
26003,2,Speedway,4314,12750 County Rd 5,,Burnsville,MN,55337-2200,Dakota,4184718,0Speed7y
15961,24,Maverik,524,7360 S Union Park Ave,,Midvale,UT,84047,Salt Lake,3972447,MNaveriWk
23868,19,Kum & Go - Non IRI,320,250 E 136th Avenue,,Thornton,CO,80241,ADAMS,4096249,Kum & Go - Non IRI
25856,2,Speedway,3681,765 Darrow Road,,Akron,OH,44305-2102,Summit,2644675,SpewHBay
16035,24,Maverik,613,28 E Montgomery Ave,,Spokane,WA,99207,Spokane,4278003,aveik
24013,19,Kum & Go - Non IRI,657,2190 Vickers Drive,,Colorado Springs,CO,80918,EL PASO,3453886,Ku &OC BGo - nO IR
27811,2,Speedway,9560,74 West Main Street,,New Lebanon,OH,45345-1418,Montgomery,2648463,SXpeewSa
27804,2,Speedway,9541,613 West 4Th Street,,Covington,KY,41011-1207,Kenton,2487980,SpeWSday
34343,39,Dollar General,1148,601 CLIFTY DR,,MADISON,IN,47250-1610,JEFFERSON,3483745,DllTar OGerGal
25458,2,Speedway,1041,3760 Main Street,,Hilliard,OH,43026-1321,Franklin,2637376,Speed7Vway
25863,2,Speedway,3690,4208 East Lake Road,,Sheffield Lake,OH,44054-1118,Lorain,2602082,Speewy
27849,2,Speedway,9610,8378 Winton Road,,Cincinnati,OH,45231-5919,Hamilton,2647763,WpedKway
26838,2,Speedway,7164,2908 Memorial Blvd,,Murfreesboro,TN,37129-5131,Rutherford,3774319,Speway
24366,29,Midwest Petroleum,1037,2854 U.S. Hwy 67,,Festus,MO,63028,,2534804,id2wesAt5 2troeum
25843,2,Speedway,3650,1160 Akron Road,,Wadsworth,OH,44281-1984,Medina,2644593,Speday
25478,2,Speedway,1167,229 East National Road,,Vandalia,OH,45377-2303,Montgomery,2648590,Spdway
34362,39,Dollar General,11497,66 ROCK ISLAND RD,,ROCK ISLAND,TN,38581-3842,WARREN,3317299,Dlar Gnerl
24375,29,Midwest Petroleum,1048,1906 N. Bishop Ave,,Rolla,MO,65401,,2530967,MidwBest NerleGSu
27783,2,Speedway,9495,20453 Us Hwy 160,,Durango,CO,81301-0000,La Plata,4275740,Speeda
15982,24,Maverik,549,3755 N. Chambers Road,,Aurora,CO,80011,Arapahoe/Adams/Douglas Counties,4029746,MaveWriGk
26248,2,Speedway,5135,1515 North Main Avenue,,Sidney,OH,45365-1774,Shelby,2648510,Speday
26856,2,Speedway,7272,3011 Teal Road,,Lafayette,IN,47905-2234,Tippecanoe,3180554,SOeDedwy
25472,2,Speedway,1156,2996 Derr Road,,Springfield,OH,45503-1368,Clark,2649235,eedway
26364,2,Speedway,6050,1227 North Wabash Avenue,,Marion,IN,46952-1807,Grant,2914655,YSpeedwEay
23887,19,Kum & Go - Non IRI,376,2627 S HWS Cleveland Blvd,,Omaha,NE,68130,DOUGLAS,3035053,Kum &Y Go - YNon III0RQI